Data;Czas;Kierunek;Przewoznik;Rejs;Status;;Lotnisko wylotowe
2025-04-04;08:48;WARSZAWA;;LO3932;0;;"SZZ"
2025-04-04;13:45;WARSZAWA;;LO3934;0;;"SZZ"
2025-04-04;16:42;WARSZAWA;;LO3938;0;;"SZZ"
2025-04-04;17:30;LONDYN STANSTED;;FR2467;0;;"SZZ"
2025-04-04;21:20;WARSZAWA;;LO3936;0;;"SZZ"
2025-04-04;23:44;DUBLIN;;FR3096;0;;"SZZ"
2025-04-04;23:51;KRAKOW;;FR6231;0;;"SZZ"
2025-04-05;08:48;WARSZAWA;;LO3932;0;;"SZZ"
2025-04-05;09:23;LIVERPOOL;;FR9677;0;;"SZZ"
2025-04-05;10:04;OSLO TORP;;W6 2151;0;;"SZZ"
2025-04-06;08:41;WARSZAWA;;LO3932;0;;"SZZ"
2025-04-06;16:35;LIVERPOOL;;FR9677;0;;"SZZ"
2025-04-06;16:44;WARSZAWA;;LO3938;0;;"SZZ"
2025-04-06;23:46;LONDYN STANSTED;;FR2467;0;;"SZZ"
2025-04-07;09:50;KRAKOW;;FR6231;0;;"SZZ"
2025-04-07;12:31;WARSZAWA;;LO3934;0;;"SZZ"
2025-04-07;15:11;LONDYN STANSTED;;FR2550;0;;"SZZ"
2025-04-07;16:39;WARSZAWA;;LO3938;0;;"SZZ"
2025-04-07;23:41;DUBLIN;;FR3096;0;;"SZZ"
2025-04-08;08:51;WARSZAWA;;LO3932;0;;"SZZ"
2025-04-08;10:12;OSLO TORP;;W6 2151;0;;"SZZ"
2025-04-08;13:35;WARSZAWA;;LO3934;0;;"SZZ"
2025-04-08;15:12;LIVERPOOL;;FR9677;0;;"SZZ"
2025-04-08;16:40;WARSZAWA;;LO3938;0;;"SZZ"
2025-04-09;08:48;WARSZAWA;;LO3932;0;;"SZZ"
2025-04-09;14:25;WARSZAWA;;LO3934;0;;"SZZ"
2025-04-09;16:10;LONDYN STANSTED;;FR9083;0;;"SZZ"
2025-04-09;16:47;WARSZAWA;;LO3938;0;;"SZZ"
2025-04-09;18:10;KRAKOW;;FR6231;0;;"SZZ"
2025-04-10;00:10;LONDYN STANSTED;;FR2467;0;;"SZZ"
2025-04-10;09:06;WARSZAWA;;LO3932;0;;"SZZ"
2025-04-10;13:39;WARSZAWA;;LO3934;0;;"SZZ"
2025-04-10;16:45;WARSZAWA;;LO3938;0;;"SZZ"
2025-04-10;17:30;LONDYN STANSTED;;FR2467;0;;"SZZ"
2025-04-10;21:20;WARSZAWA;;LO3936;0;;"SZZ"
2025-04-11;00:13;DUBLIN;;FR3096;0;;"SZZ"
2025-04-11;00:13;KRAKOW;;FR6231;0;;"SZZ"
2025-04-11;08:50;WARSZAWA;;LO3932;0;;"SZZ"
2025-04-11;09:22;LIVERPOOL;;FR9677;0;;"SZZ"
2025-04-11;10:12;OSLO TORP;;W6 2151;0;;"SZZ"
2025-04-11;13:41;WARSZAWA;;LO3934;0;;"SZZ"
2025-04-11;15:27;LONDYN STANSTED;;FR2467;0;;"SZZ"
2025-04-12;08:57;WARSZAWA;;LO3932;0;;"SZZ"
2025-04-12;16:25;LIVERPOOL;;FR9677;0;;"SZZ"
2025-04-12;16:42;WARSZAWA;;LO3938;0;;"SZZ"
2025-04-12;23:31;LONDYN STANSTED;;FR2467;0;;"SZZ"
2025-04-13;09:40;KRAKOW;;FR6231;0;;"SZZ"
2025-04-13;12:20;WARSZAWA;;LO3934;0;;"SZZ"
2025-04-13;14:45;LONDYN STANSTED;;FR2550;0;;"SZZ"
2025-04-13;16:40;WARSZAWA;;LO3938;0;;"SZZ"
2025-04-13;23:33;DUBLIN;;FR3096;0;;"SZZ"
2025-04-14;08:48;WARSZAWA;;LO3932;0;;"SZZ"
2025-04-14;10:07;OSLO TORP;;W6 2151;0;;"SZZ"
2025-04-14;13:55;WARSZAWA;;LO3934;0;;"SZZ"
2025-04-14;14:55;LIVERPOOL;;FR9677;0;;"SZZ"
2025-04-14;16:52;WARSZAWA;;LO3938;0;;"SZZ"
2025-04-15;08:49;WARSZAWA;;LO3932;0;;"SZZ"
2025-04-15;13:45;WARSZAWA;;LO3934;0;;"SZZ"
2025-04-15;16:10;LONDYN STANSTED;;FR9083;0;;"SZZ"
2025-04-15;16:40;WARSZAWA;;LO3938;0;;"SZZ"
2025-04-15;18:10;KRAKOW;;FR6231;0;;"SZZ"
2025-04-16;00:05;LONDYN STANSTED;;FR2467;0;;"SZZ"
2025-04-16;08:50;WARSZAWA;;LO3932;0;;"SZZ"
2025-04-16;13:45;WARSZAWA;;LO3934;0;;"SZZ"
2025-04-16;15:25;LONDYN STANSTED;;FR2467;0;;"SZZ"
2025-04-16;16:40;WARSZAWA;;LO3938;0;;"SZZ"
2025-04-17;00:02;DUBLIN;;FR3096;0;;"SZZ"
2025-04-17;00:10;KRAKOW;;FR6231;0;;"SZZ"
2025-04-17;08:50;WARSZAWA;;LO3932;0;;"SZZ"
2025-04-17;09:10;LIVERPOOL;;FR9677;0;;"SZZ"
2025-04-17;10:05;OSLO TORP;;W6 2151;0;;"SZZ"
2025-04-17;13:45;WARSZAWA;;LO3934;0;;"SZZ"
2025-04-17;16:40;WARSZAWA;;LO3938;0;;"SZZ"
2025-04-17;17:30;LONDYN STANSTED;;FR2467;0;;"SZZ"
2025-04-17;21:20;WARSZAWA;;LO3936;0;;"SZZ"
2025-04-18;00:02;DUBLIN;;FR3096;0;;"SZZ"
2025-04-18;00:10;KRAKOW;;FR6231;0;;"SZZ"
2025-04-18;08:50;WARSZAWA;;LO3932;0;;"SZZ"
2025-04-18;09:10;LIVERPOOL;;FR9677;0;;"SZZ"
2025-04-18;10:05;OSLO TORP;;W6 2151;0;;"SZZ"
2025-04-18;13:45;WARSZAWA;;LO3934;0;;"SZZ"
2025-04-18;14:55;LONDYN STANSTED;;FR2467;0;;"SZZ"
2025-04-18;16:40;WARSZAWA;;LO3938;0;;"SZZ"
2025-04-19;08:50;WARSZAWA;;LO3932;0;;"SZZ"
2025-04-19;09:40;KRAKOW;;FR6231;0;;"SZZ"
2025-04-19;12:20;WARSZAWA;;LO3934;0;;"SZZ"
2025-04-19;14:45;LONDYN STANSTED;;FR2550;0;;"SZZ"
2025-04-19;16:25;LIVERPOOL;;FR9677;0;;"SZZ"
2025-04-19;16:40;WARSZAWA;;LO3938;0;;"SZZ"
2025-04-19;23:25;LONDYN STANSTED;;FR2467;0;;"SZZ"
2025-04-20;00:03;LONDYN STANSTED;;FR2467;0;;"SZZ"
2025-04-20;09:40;KRAKOW;;FR6231;0;;"SZZ"
2025-04-20;12:20;WARSZAWA;;LO3934;0;;"SZZ"
2025-04-20;14:45;LONDYN STANSTED;;FR2550;0;;"SZZ"
2025-04-20;16:40;WARSZAWA;;LO3938;0;;"SZZ"
2025-04-20;23:26;DUBLIN;;FR3096;0;;"SZZ"
2025-04-21;08:50;WARSZAWA;;LO3932;0;;"SZZ"
2025-04-21;10:05;OSLO TORP;;W6 2151;0;;"SZZ"
2025-04-21;13:45;WARSZAWA;;LO3934;0;;"SZZ"
2025-04-21;14:55;LIVERPOOL;;FR9677;0;;"SZZ"
2025-04-21;16:10;LONDYN STANSTED;;FR9083;0;;"SZZ"
2025-04-21;16:40;WARSZAWA;;LO3938;0;;"SZZ"
2025-04-21;18:10;KRAKOW;;FR6231;0;;"SZZ"
2025-04-21;23:26;DUBLIN;;FR3096;0;;"SZZ"
2025-04-22;08:50;WARSZAWA;;LO3932;0;;"SZZ"
2025-04-22;10:05;OSLO TORP;;W6 2151;0;;"SZZ"
2025-04-22;13:45;WARSZAWA;;LO3934;0;;"SZZ"
2025-04-22;14:55;LIVERPOOL;;FR9677;0;;"SZZ"
2025-04-22;16:10;LONDYN STANSTED;;FR9083;0;;"SZZ"
2025-04-22;16:40;WARSZAWA;;LO3938;0;;"SZZ"
2025-04-22;18:10;KRAKOW;;FR6231;0;;"SZZ"
2025-04-22;23:35;LONDYN STANSTED;;FR2467;0;;"SZZ"
2025-04-23;08:50;WARSZAWA;;LO3932;0;;"SZZ"
2025-04-23;13:45;WARSZAWA;;LO3934;0;;"SZZ"
2025-04-23;15:25;LONDYN STANSTED;;FR2467;0;;"SZZ"
2025-04-23;16:40;WARSZAWA;;LO3938;0;;"SZZ"
2025-04-23;21:20;WARSZAWA;;LO3936;0;;"SZZ"
2025-04-24;00:00;DUBLIN;;FR3096;0;;"SZZ"
2025-04-24;08:50;WARSZAWA;;LO3932;0;;"SZZ"
2025-04-24;13:45;WARSZAWA;;LO3934;0;;"SZZ"
2025-04-24;16:40;WARSZAWA;;LO3938;0;;"SZZ"
2025-04-24;17:30;LONDYN STANSTED;;FR2467;0;;"SZZ"
2025-04-24;21:20;WARSZAWA;;LO3936;0;;"SZZ"
2025-04-24;23:55;KRAKOW;;FR6231;0;;"SZZ"
2025-04-25;00:00;DUBLIN;;FR3096;0;;"SZZ"
2025-04-25;08:50;WARSZAWA;;LO3932;0;;"SZZ"
2025-04-25;09:10;LIVERPOOL;;FR9677;0;;"SZZ"
2025-04-25;10:05;OSLO TORP;;W6 2151;0;;"SZZ"
2025-04-25;13:45;WARSZAWA;;LO3934;0;;"SZZ"
2025-04-25;14:55;LONDYN STANSTED;;FR2467;0;;"SZZ"
2025-04-25;16:40;WARSZAWA;;LO3938;0;;"SZZ"
2025-04-25;23:55;KRAKOW;;FR6231;0;;"SZZ"
2025-04-26;08:50;WARSZAWA;;LO3932;0;;"SZZ"
2025-04-26;09:10;LIVERPOOL;;FR9677;0;;"SZZ"
2025-04-26;09:25;ANTALYA;;PC6294;0;;"SZZ"
2025-04-26;09:40;KRAKOW;;FR6231;0;;"SZZ"
2025-04-26;10:05;OSLO TORP;;W6 2151;0;;"SZZ"
2025-04-26;12:20;WARSZAWA;;LO3934;0;;"SZZ"
2025-04-26;14:45;LONDYN STANSTED;;FR2550;0;;"SZZ"
2025-04-26;16:40;WARSZAWA;;LO3938;0;;"SZZ"
2025-04-26;23:25;LONDYN STANSTED;;FR2467;0;;"SZZ"
2025-04-27;00:30;LONDYN STANSTED;;FR2467;0;;"SZZ"
2025-04-27;09:40;KRAKOW;;FR6231;0;;"SZZ"
2025-04-27;12:20;WARSZAWA;;LO3934;0;;"SZZ"
2025-04-27;14:45;LONDYN STANSTED;;FR2550;0;;"SZZ"
2025-04-27;16:40;WARSZAWA;;LO3938;0;;"SZZ"
2025-04-27;23:47;DUBLIN;;FR3096;0;;"SZZ"
2025-04-28;08:50;WARSZAWA;;LO3932;0;;"SZZ"
2025-04-28;10:05;OSLO TORP;;W6 2151;0;;"SZZ"
2025-04-28;13:45;WARSZAWA;;LO3934;0;;"SZZ"
2025-04-28;14:55;LIVERPOOL;;FR9677;0;;"SZZ"
2025-04-28;16:10;LONDYN STANSTED;;FR9083;0;;"SZZ"
2025-04-28;16:40;WARSZAWA;;LO3938;0;;"SZZ"
2025-04-28;18:10;KRAKOW;;FR6231;0;;"SZZ"
2025-04-28;23:47;DUBLIN;;FR3096;0;;"SZZ"
2025-04-29;08:50;WARSZAWA;;LO3932;0;;"SZZ"
2025-04-29;09:15;ANTALYA;;PC6294;0;;"SZZ"
2025-04-29;10:05;OSLO TORP;;W6 2151;0;;"SZZ"
2025-04-29;13:45;WARSZAWA;;LO3934;0;;"SZZ"
2025-04-29;14:55;LIVERPOOL;;FR9677;0;;"SZZ"
2025-04-29;16:10;LONDYN STANSTED;;FR9083;0;;"SZZ"
2025-04-29;16:40;WARSZAWA;;LO3938;0;;"SZZ"
2025-04-29;18:10;KRAKOW;;FR6231;0;;"SZZ"
2025-04-29;23:57;LONDYN STANSTED;;FR2467;0;;"SZZ"
2025-04-30;08:50;WARSZAWA;;LO3932;0;;"SZZ"
2025-04-30;09:15;ANTALYA;;PC6294;0;;"SZZ"
2025-04-30;10:40;WARSZAWA;;RR9471;0;;"SZZ"
2025-04-30;13:45;WARSZAWA;;LO3934;0;;"SZZ"
2025-04-30;15:25;LONDYN STANSTED;;FR2467;0;;"SZZ"
2025-04-30;16:40;WARSZAWA;;LO3938;0;;"SZZ"
2025-05-01;08:50;WARSZAWA;;LO3932;0;;"SZZ"
2025-05-01;09:10;LIVERPOOL;;FR9677;0;;"SZZ"
2025-05-01;10:05;OSLO TORP;;W6 2151;0;;"SZZ"
2025-05-01;10:40;WARSZAWA;;RR9471;0;;"SZZ"
2025-05-01;13:45;WARSZAWA;;LO3934;0;;"SZZ"
2025-05-01;16:40;WARSZAWA;;LO3938;0;;"SZZ"
2025-05-01;17:30;LONDYN STANSTED;;FR2467;0;;"SZZ"
2025-05-01;23:10;DUBLIN;;FR3096;0;;"SZZ"
2025-05-01;23:45;KRAKOW;;FR6231;0;;"SZZ"
2025-05-02;08:50;WARSZAWA;;LO3932;0;;"SZZ"
2025-05-02;09:10;LIVERPOOL;;FR9677;0;;"SZZ"
2025-05-02;09:25;ANTALYA;;PC6294;0;;"SZZ"
2025-05-02;10:05;OSLO TORP;;W6 2151;0;;"SZZ"
2025-05-02;13:45;WARSZAWA;;LO3934;0;;"SZZ"
2025-05-02;14:15;POZNAN;;RR946;0;;"SZZ"
2025-05-02;14:55;LONDYN STANSTED;;FR2467;0;;"SZZ"
2025-05-02;16:40;WARSZAWA;;LO3938;0;;"SZZ"
2025-05-03;08:50;WARSZAWA;;LO3932;0;;"SZZ"
2025-05-03;09:25;ANTALYA;;PC6294;0;;"SZZ"
2025-05-03;09:40;KRAKOW;;FR6231;0;;"SZZ"
2025-05-03;12:15;WARSZAWA;;LO3934;0;;"SZZ"
2025-05-03;14:15;POZNAN;;RR946;0;;"SZZ"
2025-05-03;14:45;LONDYN STANSTED;;FR2550;0;;"SZZ"
2025-05-03;16:25;LIVERPOOL;;FR9677;0;;"SZZ"
2025-05-03;16:40;WARSZAWA;;LO3938;0;;"SZZ"
2025-05-03;23:25;LONDYN STANSTED;;FR2467;0;;"SZZ"
2025-05-04;00:22;LONDYN STANSTED;;FR2467;0;;"SZZ"
2025-05-04;09:40;KRAKOW;;FR6231;0;;"SZZ"
2025-05-04;12:15;WARSZAWA;;LO3934;0;;"SZZ"
2025-05-04;14:45;LONDYN STANSTED;;FR2550;0;;"SZZ"
2025-05-04;16:40;WARSZAWA;;LO3938;0;;"SZZ"
2025-05-04;22:25;LONDYN STANSTED;;FR2467;0;;"SZZ"
2025-05-04;23:42;DUBLIN;;FR3096;0;;"SZZ"
2025-05-05;08:50;WARSZAWA;;LO3932;0;;"SZZ"
2025-05-05;10:15;OSLO TORP;;W6 2151;0;;"SZZ"
2025-05-05;13:45;WARSZAWA;;LO3934;0;;"SZZ"
2025-05-05;14:00;LIVERPOOL;;FR9677;0;;"SZZ"
2025-05-05;16:10;LONDYN STANSTED;;FR9083;0;;"SZZ"
2025-05-05;16:40;WARSZAWA;;LO3938;0;;"SZZ"
2025-05-05;18:10;KRAKOW;;FR6231;0;;"SZZ"
2025-05-05;23:42;DUBLIN;;FR3096;0;;"SZZ"
2025-05-06;08:50;WARSZAWA;;LO3932;0;;"SZZ"
2025-05-06;09:15;ANTALYA;;PC6294;0;;"SZZ"
2025-05-06;10:15;OSLO TORP;;W6 2151;0;;"SZZ"
2025-05-06;13:45;WARSZAWA;;LO3934;0;;"SZZ"
2025-05-06;14:00;LIVERPOOL;;FR9677;0;;"SZZ"
2025-05-06;16:10;LONDYN STANSTED;;FR9083;0;;"SZZ"
2025-05-06;16:40;WARSZAWA;;LO3938;0;;"SZZ"
2025-05-06;18:10;KRAKOW;;FR6231;0;;"SZZ"
2025-05-06;23:35;LONDYN STANSTED;;FR2467;0;;"SZZ"
2025-05-07;08:50;WARSZAWA;;LO3932;0;;"SZZ"
2025-05-07;09:15;ANTALYA;;PC6294;0;;"SZZ"
2025-05-07;13:45;WARSZAWA;;LO3934;0;;"SZZ"
2025-05-07;15:25;LONDYN STANSTED;;FR2467;0;;"SZZ"
2025-05-07;16:40;WARSZAWA;;LO3938;0;;"SZZ"
2025-05-07;21:20;WARSZAWA;;LO3936;0;;"SZZ"
2025-05-08;08:50;WARSZAWA;;LO3932;0;;"SZZ"
2025-05-08;13:45;WARSZAWA;;LO3934;0;;"SZZ"
2025-05-08;16:40;WARSZAWA;;LO3938;0;;"SZZ"
2025-05-08;17:30;LONDYN STANSTED;;FR2467;0;;"SZZ"
2025-05-08;21:20;WARSZAWA;;LO3936;0;;"SZZ"
2025-05-08;23:41;DUBLIN;;FR3096;0;;"SZZ"
2025-05-08;23:55;KRAKOW;;FR6231;0;;"SZZ"
2025-05-09;08:50;WARSZAWA;;LO3932;0;;"SZZ"
2025-05-09;09:10;LIVERPOOL;;FR9677;0;;"SZZ"
2025-05-09;09:25;ANTALYA;;PC6294;0;;"SZZ"
2025-05-09;10:05;OSLO TORP;;W6 2151;0;;"SZZ"
2025-05-09;13:45;WARSZAWA;;LO3934;0;;"SZZ"
2025-05-09;14:55;LONDYN STANSTED;;FR2467;0;;"SZZ"
2025-05-09;16:40;WARSZAWA;;LO3938;0;;"SZZ"
2025-05-09;23:41;DUBLIN;;FR3096;0;;"SZZ"
2025-05-09;23:55;KRAKOW;;FR6231;0;;"SZZ"
2025-05-10;08:50;WARSZAWA;;LO3932;0;;"SZZ"
2025-05-10;09:10;LIVERPOOL;;FR9677;0;;"SZZ"
2025-05-10;09:25;ANTALYA;;PC6294;0;;"SZZ"
2025-05-10;10:05;OSLO TORP;;W6 2151;0;;"SZZ"
2025-05-10;16:40;WARSZAWA;;LO3938;0;;"SZZ"
2025-05-10;23:25;LONDYN STANSTED;;FR2467;0;;"SZZ"
2025-05-11;09:40;KRAKOW;;FR6231;0;;"SZZ"
2025-05-11;12:15;WARSZAWA;;LO3934;0;;"SZZ"
2025-05-11;14:45;LONDYN STANSTED;;FR2550;0;;"SZZ"
2025-05-11;16:40;WARSZAWA;;LO3938;0;;"SZZ"
2025-05-11;21:20;WARSZAWA;;LO3936;0;;"SZZ"
2025-05-11;23:39;DUBLIN;;FR3096;0;;"SZZ"
2025-05-11;23:40;LONDYN STANSTED;;FR2467;0;;"SZZ"
2025-05-12;08:50;WARSZAWA;;LO3932;0;;"SZZ"
2025-05-12;09:40;KRAKOW;;FR6231;0;;"SZZ"
2025-05-12;10:15;OSLO TORP;;W6 2151;0;;"SZZ"
2025-05-12;12:15;WARSZAWA;;LO3934;0;;"SZZ"
2025-05-12;14:00;LIVERPOOL;;FR9677;0;;"SZZ"
2025-05-12;14:45;LONDYN STANSTED;;FR2550;0;;"SZZ"
2025-05-12;16:10;LONDYN STANSTED;;FR9083;0;;"SZZ"
2025-05-12;16:40;WARSZAWA;;LO3938;0;;"SZZ"
2025-05-12;23:39;DUBLIN;;FR3096;0;;"SZZ"
2025-05-13;08:50;WARSZAWA;;LO3932;0;;"SZZ"
2025-05-13;10:15;OSLO TORP;;W6 2151;0;;"SZZ"
2025-05-13;13:45;WARSZAWA;;LO3934;0;;"SZZ"
2025-05-13;14:00;LIVERPOOL;;FR9677;0;;"SZZ"
2025-05-13;16:10;LONDYN STANSTED;;FR9083;0;;"SZZ"
2025-05-13;16:40;WARSZAWA;;LO3938;0;;"SZZ"
2025-05-13;18:10;KRAKOW;;FR6231;0;;"SZZ"
2025-05-13;23:53;LONDYN STANSTED;;FR2467;0;;"SZZ"
2025-05-14;08:50;WARSZAWA;;LO3932;0;;"SZZ"
2025-05-14;09:15;ANTALYA;;PC6294;0;;"SZZ"
2025-05-14;11:05;WARSZAWA;;LO7410;0;;"SZZ"
2025-05-14;13:45;WARSZAWA;;LO3934;0;;"SZZ"
2025-05-14;15:25;LONDYN STANSTED;;FR2467;0;;"SZZ"
2025-05-14;16:40;WARSZAWA;;LO3938;0;;"SZZ"
2025-05-15;08:50;WARSZAWA;;LO3932;0;;"SZZ"
2025-05-15;09:15;ANTALYA;;PC6294;0;;"SZZ"
2025-05-15;11:05;WARSZAWA;;LO7410;0;;"SZZ"
2025-05-15;13:45;WARSZAWA;;LO3934;0;;"SZZ"
2025-05-15;15:25;LONDYN STANSTED;;FR2467;0;;"SZZ"
2025-05-15;16:40;WARSZAWA;;LO3938;0;;"SZZ"
2025-05-15;23:10;DUBLIN;;FR3096;0;;"SZZ"
2025-05-15;23:44;KRAKOW;;FR6231;0;;"SZZ"
2025-05-16;00:31;DUBLIN;;FR3096;0;;"SZZ"
2025-05-16;08:50;WARSZAWA;;LO3932;0;;"SZZ"
2025-05-16;09:10;LIVERPOOL;;FR9677;0;;"SZZ"
2025-05-16;09:25;ANTALYA;;PC6294;0;;"SZZ"
2025-05-16;10:05;OSLO TORP;;W6 2151;0;;"SZZ"
2025-05-16;13:45;WARSZAWA;;LO3934;0;;"SZZ"
2025-05-16;14:55;LONDYN STANSTED;;FR2467;0;;"SZZ"
2025-05-16;16:00;BRUKSELA;;LO7412;0;;"SZZ"
2025-05-16;16:40;WARSZAWA;;LO3938;0;;"SZZ"
2025-05-16;23:44;KRAKOW;;FR6231;0;;"SZZ"
2025-05-17;08:50;WARSZAWA;;LO3932;0;;"SZZ"
2025-05-17;09:10;LIVERPOOL;;FR9677;0;;"SZZ"
2025-05-17;09:25;ANTALYA;;PC6294;0;;"SZZ"
2025-05-17;10:05;OSLO TORP;;W6 2151;0;;"SZZ"
2025-05-17;16:00;BRUKSELA;;LO7412;0;;"SZZ"
2025-05-17;16:40;WARSZAWA;;LO3938;0;;"SZZ"
2025-05-17;23:45;LONDYN STANSTED;;FR2467;0;;"SZZ"
2025-05-18;09:40;KRAKOW;;FR6231;0;;"SZZ"
2025-05-18;12:15;WARSZAWA;;LO3934;0;;"SZZ"
2025-05-18;14:45;LONDYN STANSTED;;FR2550;0;;"SZZ"
2025-05-18;16:40;WARSZAWA;;LO3938;0;;"SZZ"
2025-05-18;21:20;WARSZAWA;;LO3936;0;;"SZZ"
2025-05-18;23:36;DUBLIN;;FR3096;0;;"SZZ"
2025-05-18;23:45;LONDYN STANSTED;;FR2467;0;;"SZZ"
2025-05-19;08:50;WARSZAWA;;LO3932;0;;"SZZ"
2025-05-19;09:40;KRAKOW;;FR6231;0;;"SZZ"
2025-05-19;10:15;OSLO TORP;;W6 2151;0;;"SZZ"
2025-05-19;12:15;WARSZAWA;;LO3934;0;;"SZZ"
2025-05-19;14:00;LIVERPOOL;;FR9677;0;;"SZZ"
2025-05-19;14:45;LONDYN STANSTED;;FR2550;0;;"SZZ"
2025-05-19;16:10;LONDYN STANSTED;;FR9083;0;;"SZZ"
2025-05-19;16:40;WARSZAWA;;LO3938;0;;"SZZ"
2025-05-19;23:36;DUBLIN;;FR3096;0;;"SZZ"
2025-05-20;08:50;WARSZAWA;;LO3932;0;;"SZZ"
2025-05-20;10:15;OSLO TORP;;W6 2151;0;;"SZZ"
2025-05-20;13:45;WARSZAWA;;LO3934;0;;"SZZ"
2025-05-20;14:00;LIVERPOOL;;FR9677;0;;"SZZ"
2025-05-20;16:10;LONDYN STANSTED;;FR9083;0;;"SZZ"
2025-05-20;16:40;WARSZAWA;;LO3938;0;;"SZZ"
2025-05-20;18:10;KRAKOW;;FR6231;0;;"SZZ"
2025-05-20;23:45;LONDYN STANSTED;;FR2467;0;;"SZZ"
2025-05-21;08:50;WARSZAWA;;LO3932;0;;"SZZ"
2025-05-21;09:15;ANTALYA;;PC6294;0;;"SZZ"
2025-05-21;13:45;WARSZAWA;;LO3934;0;;"SZZ"
2025-05-21;15:25;LONDYN STANSTED;;FR2467;0;;"SZZ"
2025-05-21;16:40;WARSZAWA;;LO3938;0;;"SZZ"
2025-05-21;21:20;WARSZAWA;;LO3936;0;;"SZZ"
2025-05-22;08:50;WARSZAWA;;LO3932;0;;"SZZ"
2025-05-22;09:15;ANTALYA;;PC6294;0;;"SZZ"
2025-05-22;13:45;WARSZAWA;;LO3934;0;;"SZZ"
2025-05-22;15:25;LONDYN STANSTED;;FR2467;0;;"SZZ"
2025-05-22;16:40;WARSZAWA;;LO3938;0;;"SZZ"
2025-05-22;21:20;WARSZAWA;;LO3936;0;;"SZZ"
2025-05-22;23:30;DUBLIN;;FR3096;0;;"SZZ"
2025-05-22;23:45;KRAKOW;;FR6231;0;;"SZZ"
2025-05-23;00:40;KRAKOW;;FR6231;0;;"SZZ"
2025-05-23;08:50;WARSZAWA;;LO3932;0;;"SZZ"
2025-05-23;09:10;LIVERPOOL;;FR9677;0;;"SZZ"
2025-05-23;09:25;ANTALYA;;PC6294;0;;"SZZ"
2025-05-23;10:05;OSLO TORP;;W6 2151;0;;"SZZ"
2025-05-23;16:40;WARSZAWA;;LO3938;0;;"SZZ"
2025-05-23;23:25;LONDYN STANSTED;;FR2467;0;;"SZZ"
2025-05-23;23:30;DUBLIN;;FR3096;0;;"SZZ"
2025-05-24;08:50;WARSZAWA;;LO3932;0;;"SZZ"
2025-05-24;09:10;LIVERPOOL;;FR9677;0;;"SZZ"
2025-05-24;09:25;ANTALYA;;PC6294;0;;"SZZ"
2025-05-24;10:05;OSLO TORP;;W6 2151;0;;"SZZ"
2025-05-24;16:40;WARSZAWA;;LO3938;0;;"SZZ"
2025-05-24;23:25;LONDYN STANSTED;;FR2467;0;;"SZZ"
2025-05-25;09:40;KRAKOW;;FR6231;0;;"SZZ"
2025-05-25;12:15;WARSZAWA;;LO3934;0;;"SZZ"
2025-05-25;14:45;LONDYN STANSTED;;FR2550;0;;"SZZ"
2025-05-25;16:40;WARSZAWA;;LO3938;0;;"SZZ"
2025-05-25;21:20;WARSZAWA;;LO3936;0;;"SZZ"
2025-05-25;23:45;DUBLIN;;FR3096;0;;"SZZ"
2025-05-25;23:56;LONDYN STANSTED;;FR2467;0;;"SZZ"
2025-05-26;08:50;WARSZAWA;;LO3932;0;;"SZZ"
2025-05-26;09:40;KRAKOW;;FR6231;0;;"SZZ"
2025-05-26;10:05;OSLO TORP;;W6 2151;0;;"SZZ"
2025-05-26;12:15;WARSZAWA;;LO3934;0;;"SZZ"
2025-05-26;14:00;LIVERPOOL;;FR9677;0;;"SZZ"
2025-05-26;14:45;LONDYN STANSTED;;FR2550;0;;"SZZ"
2025-05-26;16:10;LONDYN STANSTED;;FR9083;0;;"SZZ"
2025-05-26;16:40;WARSZAWA;;LO3938;0;;"SZZ"
2025-05-26;23:19;LONDYN STANSTED;;FR2467;0;;"SZZ"
2025-05-26;23:45;DUBLIN;;FR3096;0;;"SZZ"
2025-05-27;08:50;WARSZAWA;;LO3932;0;;"SZZ"
2025-05-27;10:05;OSLO TORP;;W6 2151;0;;"SZZ"
2025-05-27;13:45;WARSZAWA;;LO3934;0;;"SZZ"
2025-05-27;16:10;LONDYN STANSTED;;FR9083;0;;"SZZ"
2025-05-27;16:40;WARSZAWA;;LO3938;0;;"SZZ"
2025-05-27;18:10;KRAKOW;;FR6231;0;;"SZZ"
2025-05-27;23:45;LONDYN STANSTED;;FR2467;0;;"SZZ"
2025-05-28;08:50;WARSZAWA;;LO3932;0;;"SZZ"
2025-05-28;09:15;ANTALYA;;PC6294;0;;"SZZ"
2025-05-28;13:45;WARSZAWA;;LO3934;0;;"SZZ"
2025-05-28;15:25;LONDYN STANSTED;;FR2467;0;;"SZZ"
2025-05-28;16:10;ANTALYA;;RR7719;0;;"SZZ"
2025-05-28;16:40;WARSZAWA;;LO3938;0;;"SZZ"
2025-05-28;21:20;WARSZAWA;;LO3936;0;;"SZZ"
2025-05-29;08:50;WARSZAWA;;LO3932;0;;"SZZ"
2025-05-29;09:15;ANTALYA;;PC6294;0;;"SZZ"
2025-05-29;13:45;WARSZAWA;;LO3934;0;;"SZZ"
2025-05-29;15:25;LONDYN STANSTED;;FR2467;0;;"SZZ"
2025-05-29;16:40;WARSZAWA;;LO3938;0;;"SZZ"
2025-05-29;21:20;WARSZAWA;;LO3936;0;;"SZZ"
2025-05-29;23:25;DUBLIN;;FR3096;0;;"SZZ"
2025-05-29;23:52;KRAKOW;;FR6231;0;;"SZZ"
2025-05-30;08:50;WARSZAWA;;LO3932;0;;"SZZ"
2025-05-30;09:10;LIVERPOOL;;FR9677;0;;"SZZ"
2025-05-30;09:25;ANTALYA;;PC6294;0;;"SZZ"
2025-05-30;10:05;OSLO TORP;;W6 2151;0;;"SZZ"
2025-05-30;13:45;WARSZAWA;;LO3934;0;;"SZZ"
2025-05-30;14:55;LONDYN STANSTED;;FR2467;0;;"SZZ"
2025-05-30;16:40;WARSZAWA;;LO3938;0;;"SZZ"
2025-05-30;22:24;WARSZAWA;;LO3936;0;;"SZZ"
2025-05-30;23:25;DUBLIN;;FR3096;0;;"SZZ"
2025-05-30;23:52;KRAKOW;;FR6231;0;;"SZZ"
2025-05-31;08:50;WARSZAWA;;LO3932;0;;"SZZ"
2025-05-31;09:10;LIVERPOOL;;FR9677;0;;"SZZ"
2025-05-31;09:25;ANTALYA;;PC6294;0;;"SZZ"
2025-05-31;16:40;WARSZAWA;;LO3938;0;;"SZZ"
2025-05-31;23:25;LONDYN STANSTED;;FR2467;0;;"SZZ"
2025-06-01;09:40;KRAKOW;;FR6231;0;;"SZZ"
2025-06-01;12:15;WARSZAWA;;LO3934;0;;"SZZ"
2025-06-01;14:45;LONDYN STANSTED;;FR2550;0;;"SZZ"
2025-06-01;16:40;WARSZAWA;;LO3938;0;;"SZZ"
2025-06-01;21:20;WARSZAWA;;LO3936;0;;"SZZ"
2025-06-01;23:40;LONDYN STANSTED;;FR2467;0;;"SZZ"
2025-06-01;23:46;DUBLIN;;FR3096;0;;"SZZ"
2025-06-02;00:13;LONDYN STANSTED;;FR2467;0;;"SZZ"
2025-06-02;08:50;WARSZAWA;;LO3932;0;;"SZZ"
2025-06-02;09:40;KRAKOW;;FR6231;0;;"SZZ"
2025-06-02;10:05;OSLO TORP;;W6 2151;0;;"SZZ"
2025-06-02;12:15;WARSZAWA;;LO3934;0;;"SZZ"
2025-06-02;14:00;LIVERPOOL;;FR9677;0;;"SZZ"
2025-06-02;14:45;LONDYN STANSTED;;FR2550;0;;"SZZ"
2025-06-02;16:40;WARSZAWA;;LO3938;0;;"SZZ"
2025-06-02;21:20;WARSZAWA;;LO3936;0;;"SZZ"
2025-06-02;23:46;DUBLIN;;FR3096;0;;"SZZ"
2025-06-03;08:50;WARSZAWA;;LO3932;0;;"SZZ"
2025-06-03;09:15;ANTALYA;;PC6294;0;;"SZZ"
2025-06-03;10:05;OSLO TORP;;W6 2151;0;;"SZZ"
2025-06-03;13:45;WARSZAWA;;LO3934;0;;"SZZ"
2025-06-03;15:25;LONDYN STANSTED;;FR2467;0;;"SZZ"
2025-06-03;16:40;WARSZAWA;;LO3938;0;;"SZZ"
2025-06-03;18:10;KRAKOW;;FR6231;0;;"SZZ"
2025-06-03;21:20;WARSZAWA;;LO3936;0;;"SZZ"
2025-06-04;08:50;WARSZAWA;;LO3932;0;;"SZZ"
2025-06-04;09:15;ANTALYA;;PC6294;0;;"SZZ"
2025-06-04;13:45;WARSZAWA;;LO3934;0;;"SZZ"
2025-06-04;15:25;LONDYN STANSTED;;FR2467;0;;"SZZ"
2025-06-04;16:40;WARSZAWA;;LO3938;0;;"SZZ"
2025-06-04;21:15;LONDYN STANSTED;;FR2550;0;;"SZZ"
2025-06-05;08:50;WARSZAWA;;LO3932;0;;"SZZ"
2025-06-05;13:45;WARSZAWA;;LO3934;0;;"SZZ"
2025-06-05;16:40;WARSZAWA;;LO3938;0;;"SZZ"
2025-06-05;17:30;LONDYN STANSTED;;FR2467;0;;"SZZ"
2025-06-05;21:15;LONDYN STANSTED;;FR2550;0;;"SZZ"
2025-06-05;23:32;DUBLIN;;FR3096;0;;"SZZ"
2025-06-05;23:45;KRAKOW;;FR6231;0;;"SZZ"
2025-06-06;01:06;KRAKOW;;FR6231;0;;"SZZ"
2025-06-06;08:50;WARSZAWA;;LO3932;0;;"SZZ"
2025-06-06;09:10;LIVERPOOL;;FR9677;0;;"SZZ"
2025-06-06;09:25;ANTALYA;;PC6294;0;;"SZZ"
2025-06-06;10:05;OSLO TORP;;W6 2151;0;;"SZZ"
2025-06-06;13:45;WARSZAWA;;LO3934;0;;"SZZ"
2025-06-06;14:55;LONDYN STANSTED;;FR2467;0;;"SZZ"
2025-06-06;16:40;WARSZAWA;;LO3938;0;;"SZZ"
2025-06-06;23:32;DUBLIN;;FR3096;0;;"SZZ"
2025-06-07;08:50;WARSZAWA;;LO3932;0;;"SZZ"
2025-06-07;09:10;LIVERPOOL;;FR9677;0;;"SZZ"
2025-06-07;09:25;ANTALYA;;PC6294;0;;"SZZ"
2025-06-07;10:05;OSLO TORP;;W6 2151;0;;"SZZ"
2025-06-07;16:40;WARSZAWA;;LO3938;0;;"SZZ"
2025-06-07;23:25;LONDYN STANSTED;;FR2467;0;;"SZZ"
2025-06-08;09:40;KRAKOW;;FR6231;0;;"SZZ"
2025-06-08;12:15;WARSZAWA;;LO3934;0;;"SZZ"
2025-06-08;14:45;LONDYN STANSTED;;FR2550;0;;"SZZ"
2025-06-08;21:20;WARSZAWA;;LO3936;0;;"SZZ"
2025-06-08;23:30;DUBLIN;;FR3096;0;;"SZZ"
2025-06-08;23:46;LONDYN STANSTED;;FR2467;0;;"SZZ"
2025-06-09;08:50;WARSZAWA;;LO3932;0;;"SZZ"
2025-06-09;09:40;KRAKOW;;FR6231;0;;"SZZ"
2025-06-09;10:05;OSLO TORP;;W6 2151;0;;"SZZ"
2025-06-09;12:15;WARSZAWA;;LO3934;0;;"SZZ"
2025-06-09;14:00;LIVERPOOL;;FR9677;0;;"SZZ"
2025-06-09;14:45;LONDYN STANSTED;;FR2550;0;;"SZZ"
2025-06-09;16:40;WARSZAWA;;LO3938;0;;"SZZ"
2025-06-09;21:20;WARSZAWA;;LO3936;0;;"SZZ"
2025-06-09;23:30;DUBLIN;;FR3096;0;;"SZZ"
2025-06-10;08:50;WARSZAWA;;LO3932;0;;"SZZ"
2025-06-10;10:05;OSLO TORP;;W6 2151;0;;"SZZ"
2025-06-10;13:45;WARSZAWA;;LO3934;0;;"SZZ"
2025-06-10;14:00;LIVERPOOL;;FR9677;0;;"SZZ"
2025-06-10;16:40;WARSZAWA;;LO3938;0;;"SZZ"
2025-06-10;18:10;KRAKOW;;FR6231;0;;"SZZ"
2025-06-10;21:20;WARSZAWA;;LO3936;0;;"SZZ"
2025-06-10;23:46;LONDYN STANSTED;;FR2467;0;;"SZZ"
2025-06-11;08:50;WARSZAWA;;LO3932;0;;"SZZ"
2025-06-11;09:15;ANTALYA;;PC6294;0;;"SZZ"
2025-06-11;13:45;WARSZAWA;;LO3934;0;;"SZZ"
2025-06-11;15:25;LONDYN STANSTED;;FR2467;0;;"SZZ"
2025-06-11;16:40;WARSZAWA;;LO3938;0;;"SZZ"
2025-06-11;21:15;LONDYN STANSTED;;FR2550;0;;"SZZ"
2025-06-12;00:02;DUBLIN;;FR3096;0;;"SZZ"
2025-06-12;00:09;KRAKOW;;FR6231;0;;"SZZ"
2025-06-12;08:50;WARSZAWA;;LO3932;0;;"SZZ"
2025-06-12;09:10;LIVERPOOL;;FR9677;0;;"SZZ"
2025-06-12;09:15;ANTALYA;;PC6294;0;;"SZZ"
2025-06-12;10:05;OSLO TORP;;W6 2151;0;;"SZZ"
2025-06-12;13:45;WARSZAWA;;LO3934;0;;"SZZ"
2025-06-12;15:25;LONDYN STANSTED;;FR2467;0;;"SZZ"
2025-06-12;16:40;WARSZAWA;;LO3938;0;;"SZZ"
2025-06-12;21:15;LONDYN STANSTED;;FR2550;0;;"SZZ"
2025-06-13;00:02;DUBLIN;;FR3096;0;;"SZZ"
2025-06-13;00:09;KRAKOW;;FR6231;0;;"SZZ"
2025-06-13;08:50;WARSZAWA;;LO3932;0;;"SZZ"
2025-06-13;09:10;LIVERPOOL;;FR9677;0;;"SZZ"
2025-06-13;09:25;ANTALYA;;PC6294;0;;"SZZ"
2025-06-13;10:05;OSLO TORP;;W6 2151;0;;"SZZ"
2025-06-13;13:45;WARSZAWA;;LO3934;0;;"SZZ"
2025-06-13;14:55;LONDYN STANSTED;;FR2467;0;;"SZZ"
2025-06-13;16:40;WARSZAWA;;LO3938;0;;"SZZ"
2025-06-14;08:50;WARSZAWA;;LO3932;0;;"SZZ"
2025-06-14;09:25;ANTALYA;;PC6294;0;;"SZZ"
2025-06-14;16:25;LIVERPOOL;;FR9677;0;;"SZZ"
2025-06-14;16:40;WARSZAWA;;LO3938;0;;"SZZ"
2025-06-14;23:25;LONDYN STANSTED;;FR2467;0;;"SZZ"
2025-06-15;09:40;KRAKOW;;FR6231;0;;"SZZ"
2025-06-15;12:15;WARSZAWA;;LO3934;0;;"SZZ"
2025-06-15;14:45;LONDYN STANSTED;;FR2550;0;;"SZZ"
2025-06-15;16:40;WARSZAWA;;LO3938;0;;"SZZ"
2025-06-15;21:20;WARSZAWA;;LO3936;0;;"SZZ"
2025-06-15;23:32;LONDYN STANSTED;;FR2467;0;;"SZZ"
2025-06-15;23:45;DUBLIN;;FR3096;0;;"SZZ"
2025-06-16;08:50;WARSZAWA;;LO3932;0;;"SZZ"
2025-06-16;09:40;KRAKOW;;FR6231;0;;"SZZ"
2025-06-16;10:05;OSLO TORP;;W6 2151;0;;"SZZ"
2025-06-16;12:15;WARSZAWA;;LO3934;0;;"SZZ"
2025-06-16;14:00;LIVERPOOL;;FR9677;0;;"SZZ"
2025-06-16;14:45;LONDYN STANSTED;;FR2550;0;;"SZZ"
2025-06-16;16:40;WARSZAWA;;LO3938;0;;"SZZ"
2025-06-16;21:20;WARSZAWA;;LO3936;0;;"SZZ"
2025-06-16;23:25;LONDYN STANSTED;;FR2467;0;;"SZZ"
2025-06-16;23:45;DUBLIN;;FR3096;0;;"SZZ"
2025-06-17;08:50;WARSZAWA;;LO3932;0;;"SZZ"
2025-06-17;10:05;OSLO TORP;;W6 2151;0;;"SZZ"
2025-06-17;13:45;WARSZAWA;;LO3934;0;;"SZZ"
2025-06-17;16:40;WARSZAWA;;LO3938;0;;"SZZ"
2025-06-17;18:10;KRAKOW;;FR6231;0;;"SZZ"
2025-06-17;21:20;WARSZAWA;;LO3936;0;;"SZZ"
2025-06-17;23:42;LONDYN STANSTED;;FR2467;0;;"SZZ"
2025-06-18;08:50;WARSZAWA;;LO3932;0;;"SZZ"
2025-06-18;09:15;ANTALYA;;PC6294;0;;"SZZ"
2025-06-18;13:45;WARSZAWA;;LO3934;0;;"SZZ"
2025-06-18;15:25;LONDYN STANSTED;;FR2467;0;;"SZZ"
2025-06-18;16:35;ANTALYA;;XC366;0;;"SZZ"
2025-06-18;16:40;WARSZAWA;;LO3938;0;;"SZZ"
2025-06-18;17:45;ANTALYA;;RR7719;0;;"SZZ"
2025-06-18;21:15;LONDYN STANSTED;;FR2550;0;;"SZZ"
2025-06-19;00:14;DUBLIN;;FR3096;0;;"SZZ"
2025-06-19;08:50;WARSZAWA;;LO3932;0;;"SZZ"
2025-06-19;09:15;ANTALYA;;PC6294;0;;"SZZ"
2025-06-19;13:45;WARSZAWA;;LO3934;0;;"SZZ"
2025-06-19;15:25;LONDYN STANSTED;;FR2467;0;;"SZZ"
2025-06-19;16:40;WARSZAWA;;LO3938;0;;"SZZ"
2025-06-19;21:15;LONDYN STANSTED;;FR2550;0;;"SZZ"
2025-06-19;23:49;KRAKOW;;FR6231;0;;"SZZ"
2025-06-20;00:14;DUBLIN;;FR3096;0;;"SZZ"
2025-06-20;08:50;WARSZAWA;;LO3932;0;;"SZZ"
2025-06-20;09:10;LIVERPOOL;;FR9677;0;;"SZZ"
2025-06-20;09:25;ANTALYA;;PC6294;0;;"SZZ"
2025-06-20;10:05;OSLO TORP;;W6 2151;0;;"SZZ"
2025-06-20;13:45;WARSZAWA;;LO3934;0;;"SZZ"
2025-06-20;14:55;LONDYN STANSTED;;FR2467;0;;"SZZ"
2025-06-20;16:40;WARSZAWA;;LO3938;0;;"SZZ"
2025-06-20;23:39;LONDYN STANSTED;;FR2550;0;;"SZZ"
2025-06-20;23:49;KRAKOW;;FR6231;0;;"SZZ"
2025-06-21;08:50;WARSZAWA;;LO3932;0;;"SZZ"
2025-06-21;09:10;LIVERPOOL;;FR9677;0;;"SZZ"
2025-06-21;09:25;ANTALYA;;PC6294;0;;"SZZ"
2025-06-21;16:40;WARSZAWA;;LO3938;0;;"SZZ"
2025-06-21;23:25;LONDYN STANSTED;;FR2467;0;;"SZZ"
2025-06-22;08:50;WARSZAWA;;LO3932;0;;"SZZ"
2025-06-22;09:40;KRAKOW;;FR6231;0;;"SZZ"
2025-06-22;10:05;OSLO TORP;;W6 2151;0;;"SZZ"
2025-06-22;12:15;WARSZAWA;;LO3934;0;;"SZZ"
2025-06-22;14:00;LIVERPOOL;;FR9677;0;;"SZZ"
2025-06-22;14:45;LONDYN STANSTED;;FR2550;0;;"SZZ"
2025-06-22;16:40;WARSZAWA;;LO3938;0;;"SZZ"
2025-06-22;21:20;WARSZAWA;;LO3936;0;;"SZZ"
2025-06-22;23:39;LONDYN STANSTED;;FR2467;0;;"SZZ"
2025-06-23;08:50;WARSZAWA;;LO3932;0;;"SZZ"
2025-06-23;09:40;KRAKOW;;FR6231;0;;"SZZ"
2025-06-23;10:05;OSLO TORP;;W6 2151;0;;"SZZ"
2025-06-23;12:15;WARSZAWA;;LO3934;0;;"SZZ"
2025-06-23;14:00;LIVERPOOL;;FR9677;0;;"SZZ"
2025-06-23;14:45;LONDYN STANSTED;;FR2550;0;;"SZZ"
2025-06-23;16:40;WARSZAWA;;LO3938;0;;"SZZ"
2025-06-23;21:20;WARSZAWA;;LO3936;0;;"SZZ"
2025-06-24;08:50;WARSZAWA;;LO3932;0;;"SZZ"
2025-06-24;13:45;WARSZAWA;;LO3934;0;;"SZZ"
2025-06-24;16:40;WARSZAWA;;LO3938;0;;"SZZ"
2025-06-24;18:10;KRAKOW;;FR6231;0;;"SZZ"
2025-06-24;21:20;WARSZAWA;;LO3936;0;;"SZZ"
2025-06-24;23:49;LONDYN STANSTED;;FR2467;0;;"SZZ"
2025-06-25;08:50;WARSZAWA;;LO3932;0;;"SZZ"
2025-06-25;09:15;ANTALYA;;PC6294;0;;"SZZ"
2025-06-25;13:45;WARSZAWA;;LO3934;0;;"SZZ"
2025-06-25;15:25;LONDYN STANSTED;;FR2467;0;;"SZZ"
2025-06-25;16:31;WARSZAWA;;LO3938;0;;"SZZ"
2025-06-25;16:35;MARSA ALAM;;U5 7847;0;;"SZZ"
2025-06-25;21:15;LONDYN STANSTED;;FR2550;0;;"SZZ"
2025-06-26;00:07;KRAKOW;;FR6231;0;;"SZZ"
2025-06-26;08:50;WARSZAWA;;LO3932;0;;"SZZ"
2025-06-26;09:15;ANTALYA;;PC6294;0;;"SZZ"
2025-06-26;13:45;WARSZAWA;;LO3934;0;;"SZZ"
2025-06-26;15:25;LONDYN STANSTED;;FR2467;0;;"SZZ"
2025-06-26;16:40;WARSZAWA;;LO3938;0;;"SZZ"
2025-06-26;21:15;LONDYN STANSTED;;FR2550;0;;"SZZ"
2025-06-26;23:48;DUBLIN;;FR3096;0;;"SZZ"
2025-06-27;00:07;KRAKOW;;FR6231;0;;"SZZ"
2025-06-27;08:50;WARSZAWA;;LO3932;0;;"SZZ"
2025-06-27;09:10;LIVERPOOL;;FR9677;0;;"SZZ"
2025-06-27;09:25;ANTALYA;;PC6294;0;;"SZZ"
2025-06-27;10:05;OSLO TORP;;W6 2151;0;;"SZZ"
2025-06-27;13:45;WARSZAWA;;LO3934;0;;"SZZ"
2025-06-27;14:55;LONDYN STANSTED;;FR2467;0;;"SZZ"
2025-06-27;16:40;WARSZAWA;;LO3938;0;;"SZZ"
2025-06-27;23:22;LONDYN STANSTED;;FR2550;0;;"SZZ"
2025-06-27;23:48;DUBLIN;;FR3096;0;;"SZZ"
2025-06-28;08:50;WARSZAWA;;LO3932;0;;"SZZ"
2025-06-28;09:10;LIVERPOOL;;FR9677;0;;"SZZ"
2025-06-28;09:25;ANTALYA;;PC6294;0;;"SZZ"
2025-06-28;09:40;KRAKOW;;FR6231;0;;"SZZ"
2025-06-28;12:15;WARSZAWA;;LO3934;0;;"SZZ"
2025-06-28;14:45;LONDYN STANSTED;;FR2550;0;;"SZZ"
2025-06-28;16:40;WARSZAWA;;LO3938;0;;"SZZ"
2025-06-28;23:25;LONDYN STANSTED;;FR2467;0;;"SZZ"
2025-06-29;00:25;LONDYN STANSTED;;FR2467;0;;"SZZ"
2025-06-29;09:40;KRAKOW;;FR6231;0;;"SZZ"
2025-06-29;12:15;WARSZAWA;;LO3934;0;;"SZZ"
2025-06-29;14:45;LONDYN STANSTED;;FR2550;0;;"SZZ"
2025-06-29;16:40;WARSZAWA;;LO3938;0;;"SZZ"
2025-06-29;21:20;WARSZAWA;;LO3936;0;;"SZZ"
2025-06-29;23:28;DUBLIN;;FR3096;0;;"SZZ"
2025-06-30;08:50;WARSZAWA;;LO3932;0;;"SZZ"
2025-06-30;10:05;OSLO TORP;;W6 2151;0;;"SZZ"
2025-06-30;13:45;WARSZAWA;;LO3934;0;;"SZZ"
2025-06-30;14:00;LIVERPOOL;;FR9677;0;;"SZZ"
2025-06-30;16:40;WARSZAWA;;LO3938;0;;"SZZ"
2025-06-30;18:10;KRAKOW;;FR6231;0;;"SZZ"
2025-06-30;21:20;WARSZAWA;;LO3936;0;;"SZZ"
2025-06-30;23:28;DUBLIN;;FR3096;0;;"SZZ"
2025-07-01;08:50;WARSZAWA;;LO3932;0;;"SZZ"
2025-07-01;09:15;ANTALYA;;PC6294;0;;"SZZ"
2025-07-01;10:05;OSLO TORP;;W6 2151;0;;"SZZ"
2025-07-01;13:45;WARSZAWA;;LO3934;0;;"SZZ"
2025-07-01;14:00;LIVERPOOL;;FR9677;0;;"SZZ"
2025-07-01;15:25;LONDYN STANSTED;;FR2467;0;;"SZZ"
2025-07-01;15:35;ANTALYA;;XC366;0;;"SZZ"
2025-07-01;16:40;WARSZAWA;;LO3938;0;;"SZZ"
2025-07-01;18:10;KRAKOW;;FR6231;0;;"SZZ"
2025-07-01;21:20;WARSZAWA;;LO3936;0;;"SZZ"
2025-07-02;08:50;WARSZAWA;;LO3932;0;;"SZZ"
2025-07-02;09:15;ANTALYA;;PC6294;0;;"SZZ"
2025-07-02;13:45;WARSZAWA;;LO3934;0;;"SZZ"
2025-07-02;15:25;LONDYN STANSTED;;FR2467;0;;"SZZ"
2025-07-02;15:35;ANTALYA;;XC366;0;;"SZZ"
2025-07-02;16:35;WARSZAWA;;LO3938;0;;"SZZ"
2025-07-02;21:15;LONDYN STANSTED;;FR2550;0;;"SZZ"
2025-07-03;00:09;KRAKOW;;FR6231;0;;"SZZ"
2025-07-03;08:50;WARSZAWA;;LO3932;0;;"SZZ"
2025-07-03;13:45;WARSZAWA;;LO3934;0;;"SZZ"
2025-07-03;16:40;WARSZAWA;;LO3938;0;;"SZZ"
2025-07-03;17:30;LONDYN STANSTED;;FR2467;0;;"SZZ"
2025-07-03;21:15;LONDYN STANSTED;;FR2550;0;;"SZZ"
2025-07-03;21:16;WARSZAWA;;LO3936;0;;"SZZ"
2025-07-03;23:41;DUBLIN;;FR3096;0;;"SZZ"
2025-07-04;00:09;KRAKOW;;FR6231;0;;"SZZ"
2025-07-04;08:50;WARSZAWA;;LO3932;0;;"SZZ"
2025-07-04;09:10;LIVERPOOL;;FR9677;0;;"SZZ"
2025-07-04;09:25;ANTALYA;;PC6294;0;;"SZZ"
2025-07-04;10:05;OSLO TORP;;W6 2151;0;;"SZZ"
2025-07-04;13:45;WARSZAWA;;LO3934;0;;"SZZ"
2025-07-04;14:55;LONDYN STANSTED;;FR2467;0;;"SZZ"
2025-07-04;16:40;WARSZAWA;;LO3938;0;;"SZZ"
2025-07-04;23:01;LONDYN STANSTED;;FR2550;0;;"SZZ"
2025-07-04;23:41;DUBLIN;;FR3096;0;;"SZZ"
2025-07-05;08:50;WARSZAWA;;LO3932;0;;"SZZ"
2025-07-05;09:10;LIVERPOOL;;FR9677;0;;"SZZ"
2025-07-05;09:25;ANTALYA;;PC6294;0;;"SZZ"
2025-07-05;16:40;WARSZAWA;;LO3938;0;;"SZZ"
2025-07-05;23:25;LONDYN STANSTED;;FR2467;0;;"SZZ"
2025-07-06;09:40;KRAKOW;;FR6231;0;;"SZZ"
2025-07-06;14:45;LONDYN STANSTED;;FR2550;0;;"SZZ"
2025-07-06;16:40;WARSZAWA;;LO3938;0;;"SZZ"
2025-07-06;21:20;WARSZAWA;;LO3936;0;;"SZZ"
2025-07-06;23:28;LONDYN STANSTED;;FR2467;0;;"SZZ"
2025-07-06;23:35;DUBLIN;;FR3096;0;;"SZZ"
2025-07-07;00:29;LONDYN STANSTED;;FR2467;0;;"SZZ"
2025-07-07;08:50;WARSZAWA;;LO3932;0;;"SZZ"
2025-07-07;09:40;KRAKOW;;FR6231;0;;"SZZ"
2025-07-07;10:05;OSLO TORP;;W6 2151;0;;"SZZ"
2025-07-07;13:45;WARSZAWA;;LO3934;0;;"SZZ"
2025-07-07;14:00;LIVERPOOL;;FR9677;0;;"SZZ"
2025-07-07;14:45;LONDYN STANSTED;;FR2550;0;;"SZZ"
2025-07-07;16:40;WARSZAWA;;LO3938;0;;"SZZ"
2025-07-07;21:20;WARSZAWA;;LO3936;0;;"SZZ"
2025-07-07;23:35;DUBLIN;;FR3096;0;;"SZZ"
2025-07-08;08:50;WARSZAWA;;LO3932;0;;"SZZ"
2025-07-08;10:05;OSLO TORP;;W6 2151;0;;"SZZ"
2025-07-08;13:45;WARSZAWA;;LO3934;0;;"SZZ"
2025-07-08;16:40;WARSZAWA;;LO3938;0;;"SZZ"
2025-07-08;18:10;KRAKOW;;FR6231;0;;"SZZ"
2025-07-08;21:20;WARSZAWA;;LO3936;0;;"SZZ"
2025-07-08;23:49;LONDYN STANSTED;;FR2467;0;;"SZZ"
2025-07-09;08:50;WARSZAWA;;LO3932;0;;"SZZ"
2025-07-09;09:15;ANTALYA;;PC6294;0;;"SZZ"
2025-07-09;13:45;WARSZAWA;;LO3934;0;;"SZZ"
2025-07-09;15:25;LONDYN STANSTED;;FR2467;0;;"SZZ"
2025-07-09;16:40;WARSZAWA;;LO3938;0;;"SZZ"
2025-07-09;21:15;LONDYN STANSTED;;FR2550;0;;"SZZ"
2025-07-10;00:00;DUBLIN;;FR3096;0;;"SZZ"
2025-07-10;08:50;WARSZAWA;;LO3932;0;;"SZZ"
2025-07-10;09:15;ANTALYA;;PC6294;0;;"SZZ"
2025-07-10;13:45;WARSZAWA;;LO3934;0;;"SZZ"
2025-07-10;15:25;LONDYN STANSTED;;FR2467;0;;"SZZ"
2025-07-10;16:34;ANTALYA;;XC366;0;;"SZZ"
2025-07-10;16:40;WARSZAWA;;LO3938;0;;"SZZ"
2025-07-10;21:15;LONDYN STANSTED;;FR2550;0;;"SZZ"
2025-07-10;21:22;WARSZAWA;;LO3936;0;;"SZZ"
2025-07-10;23:58;KRAKOW;;FR6231;0;;"SZZ"
2025-07-11;00:00;DUBLIN;;FR3096;0;;"SZZ"
2025-07-11;08:50;WARSZAWA;;LO3932;0;;"SZZ"
2025-07-11;09:10;LIVERPOOL;;FR9677;0;;"SZZ"
2025-07-11;09:25;ANTALYA;;PC6294;0;;"SZZ"
2025-07-11;10:05;OSLO TORP;;W6 2151;0;;"SZZ"
2025-07-11;13:45;WARSZAWA;;LO3934;0;;"SZZ"
2025-07-11;14:55;LONDYN STANSTED;;FR2467;0;;"SZZ"
2025-07-11;16:40;WARSZAWA;;LO3938;0;;"SZZ"
2025-07-11;23:58;KRAKOW;;FR6231;0;;"SZZ"
2025-07-12;08:50;WARSZAWA;;LO3932;0;;"SZZ"
2025-07-12;09:10;LIVERPOOL;;FR9677;0;;"SZZ"
2025-07-12;09:25;ANTALYA;;PC6294;0;;"SZZ"
2025-07-12;09:40;KRAKOW;;FR6231;0;;"SZZ"
2025-07-12;10:05;OSLO TORP;;W6 2151;0;;"SZZ"
2025-07-12;14:45;LONDYN STANSTED;;FR2550;0;;"SZZ"
2025-07-12;16:40;WARSZAWA;;LO3938;0;;"SZZ"
2025-07-12;21:20;WARSZAWA;;LO3936;0;;"SZZ"
2025-07-12;23:25;LONDYN STANSTED;;FR2467;0;;"SZZ"
2025-07-13;00:02;DUBLIN;;FR3096;0;;"SZZ"
2025-07-13;00:09;LONDYN STANSTED;;FR2467;0;;"SZZ"
2025-07-13;09:40;KRAKOW;;FR6231;0;;"SZZ"
2025-07-13;14:45;LONDYN STANSTED;;FR2550;0;;"SZZ"
2025-07-13;16:40;WARSZAWA;;LO3938;0;;"SZZ"
2025-07-13;21:20;WARSZAWA;;LO3936;0;;"SZZ"
2025-07-14;08:50;WARSZAWA;;LO3932;0;;"SZZ"
2025-07-14;10:05;OSLO TORP;;W6 2151;0;;"SZZ"
2025-07-14;13:45;WARSZAWA;;LO3934;0;;"SZZ"
2025-07-14;14:00;LIVERPOOL;;FR9677;0;;"SZZ"
2025-07-14;16:40;WARSZAWA;;LO3938;0;;"SZZ"
2025-07-14;18:10;KRAKOW;;FR6231;0;;"SZZ"
2025-07-14;21:20;WARSZAWA;;LO3936;0;;"SZZ"
2025-07-15;00:05;LONDYN STANSTED;;FR2467;0;;"SZZ"
2025-07-15;08:50;WARSZAWA;;LO3932;0;;"SZZ"
2025-07-15;09:15;ANTALYA;;PC6294;0;;"SZZ"
2025-07-15;13:45;WARSZAWA;;LO3934;0;;"SZZ"
2025-07-15;15:25;LONDYN STANSTED;;FR2467;0;;"SZZ"
2025-07-15;16:40;WARSZAWA;;LO3938;0;;"SZZ"
2025-07-15;18:10;KRAKOW;;FR6231;0;;"SZZ"
2025-07-15;21:20;WARSZAWA;;LO3936;0;;"SZZ"
2025-07-16;00:05;LONDYN STANSTED;;FR2467;0;;"SZZ"
2025-07-16;08:50;WARSZAWA;;LO3932;0;;"SZZ"
2025-07-16;09:15;ANTALYA;;PC6294;0;;"SZZ"
2025-07-16;13:45;WARSZAWA;;LO3934;0;;"SZZ"
2025-07-16;15:25;LONDYN STANSTED;;FR2467;0;;"SZZ"
2025-07-16;16:35;ANTALYA;;XC366;0;;"SZZ"
2025-07-16;16:41;WARSZAWA;;LO3938;0;;"SZZ"
2025-07-16;21:15;LONDYN STANSTED;;FR2550;0;;"SZZ"
2025-07-17;00:00;KRAKOW;;FR6231;0;;"SZZ"
2025-07-17;08:50;WARSZAWA;;LO3932;0;;"SZZ"
2025-07-17;13:45;WARSZAWA;;LO3934;0;;"SZZ"
2025-07-17;16:40;WARSZAWA;;LO3938;0;;"SZZ"
2025-07-17;17:30;LONDYN STANSTED;;FR2467;0;;"SZZ"
2025-07-17;21:14;WARSZAWA;;LO3936;0;;"SZZ"
2025-07-17;21:15;LONDYN STANSTED;;FR2550;0;;"SZZ"
2025-07-17;23:55;DUBLIN;;FR3096;0;;"SZZ"
2025-07-18;00:00;KRAKOW;;FR6231;0;;"SZZ"
2025-07-18;08:50;WARSZAWA;;LO3932;0;;"SZZ"
2025-07-18;09:10;LIVERPOOL;;FR9677;0;;"SZZ"
2025-07-18;09:25;ANTALYA;;PC6294;0;;"SZZ"
2025-07-18;10:05;OSLO TORP;;W6 2151;0;;"SZZ"
2025-07-18;13:45;WARSZAWA;;LO3934;0;;"SZZ"
2025-07-18;14:55;LONDYN STANSTED;;FR2467;0;;"SZZ"
2025-07-18;16:40;WARSZAWA;;LO3938;0;;"SZZ"
2025-07-18;23:55;DUBLIN;;FR3096;0;;"SZZ"
2025-07-19;08:50;WARSZAWA;;LO3932;0;;"SZZ"
2025-07-19;09:10;LIVERPOOL;;FR9677;0;;"SZZ"
2025-07-19;09:25;ANTALYA;;PC6294;0;;"SZZ"
2025-07-19;09:40;KRAKOW;;FR6231;0;;"SZZ"
2025-07-19;10:05;OSLO TORP;;W6 2151;0;;"SZZ"
2025-07-19;12:15;WARSZAWA;;LO3934;0;;"SZZ"
2025-07-19;14:45;LONDYN STANSTED;;FR2550;0;;"SZZ"
2025-07-19;16:40;WARSZAWA;;LO3938;0;;"SZZ"
2025-07-19;23:25;LONDYN STANSTED;;FR2467;0;;"SZZ"
2025-07-20;00:21;LONDYN STANSTED;;FR2467;0;;"SZZ"
2025-07-20;09:40;KRAKOW;;FR6231;0;;"SZZ"
2025-07-20;12:15;WARSZAWA;;LO3934;0;;"SZZ"
2025-07-20;14:45;LONDYN STANSTED;;FR2550;0;;"SZZ"
2025-07-20;16:40;WARSZAWA;;LO3938;0;;"SZZ"
2025-07-20;23:30;DUBLIN;;FR3096;0;;"SZZ"
2025-07-21;01:13;DUBLIN;;FR3096;0;;"SZZ"
2025-07-21;08:50;WARSZAWA;;LO3932;0;;"SZZ"
2025-07-21;10:05;OSLO TORP;;W6 2151;0;;"SZZ"
2025-07-21;13:45;WARSZAWA;;LO3934;0;;"SZZ"
2025-07-21;14:00;LIVERPOOL;;FR9677;0;;"SZZ"
2025-07-21;16:40;WARSZAWA;;LO3938;0;;"SZZ"
2025-07-21;18:10;KRAKOW;;FR6231;0;;"SZZ"
2025-07-21;21:20;WARSZAWA;;LO3936;0;;"SZZ"
2025-07-21;23:11;LONDYN STANSTED;;FR2467;0;;"SZZ"
2025-07-22;08:50;WARSZAWA;;LO3932;0;;"SZZ"
2025-07-22;09:15;ANTALYA;;PC6294;0;;"SZZ"
2025-07-22;10:05;OSLO TORP;;W6 2151;0;;"SZZ"
2025-07-22;13:45;WARSZAWA;;LO3934;0;;"SZZ"
2025-07-22;16:35;ANTALYA;;XC366;0;;"SZZ"
2025-07-22;16:40;WARSZAWA;;LO3938;0;;"SZZ"
2025-07-22;18:10;KRAKOW;;FR6231;0;;"SZZ"
2025-07-22;21:20;WARSZAWA;;LO3936;0;;"SZZ"
2025-07-22;23:35;LONDYN STANSTED;;FR2467;0;;"SZZ"
2025-07-23;08:50;WARSZAWA;;LO3932;0;;"SZZ"
2025-07-23;09:15;ANTALYA;;PC6294;0;;"SZZ"
2025-07-23;13:45;WARSZAWA;;LO3934;0;;"SZZ"
2025-07-23;15:25;LONDYN STANSTED;;FR2467;0;;"SZZ"
2025-07-23;16:35;ANTALYA;;XC366;0;;"SZZ"
2025-07-23;16:40;WARSZAWA;;LO3938;0;;"SZZ"
2025-07-23;21:15;LONDYN STANSTED;;FR2550;0;;"SZZ"
2025-07-24;08:50;WARSZAWA;;LO3932;0;;"SZZ"
2025-07-24;09:10;LIVERPOOL;;FR9677;0;;"SZZ"
2025-07-24;10:05;OSLO TORP;;W6 2151;0;;"SZZ"
2025-07-24;13:45;WARSZAWA;;LO3934;0;;"SZZ"
2025-07-24;16:40;WARSZAWA;;LO3938;0;;"SZZ"
2025-07-24;17:30;LONDYN STANSTED;;FR2467;0;;"SZZ"
2025-07-24;21:15;LONDYN STANSTED;;FR2550;0;;"SZZ"
2025-07-24;21:47;WARSZAWA;;LO3936;0;;"SZZ"
2025-07-24;23:10;DUBLIN;;FR3096;0;;"SZZ"
2025-07-24;23:45;KRAKOW;;FR6231;0;;"SZZ"
2025-07-25;00:17;DUBLIN;;FR3096;0;;"SZZ"
2025-07-25;00:39;KRAKOW;;FR6231;0;;"SZZ"
2025-07-25;08:50;WARSZAWA;;LO3932;0;;"SZZ"
2025-07-25;09:10;LIVERPOOL;;FR9677;0;;"SZZ"
2025-07-25;09:25;ANTALYA;;PC6294;0;;"SZZ"
2025-07-25;10:05;OSLO TORP;;W6 2151;0;;"SZZ"
2025-07-25;16:40;WARSZAWA;;LO3938;0;;"SZZ"
2025-07-25;23:25;LONDYN STANSTED;;FR2467;0;;"SZZ"
2025-07-26;08:50;WARSZAWA;;LO3932;0;;"SZZ"
2025-07-26;09:25;ANTALYA;;PC6294;0;;"SZZ"
2025-07-26;16:25;LIVERPOOL;;FR9677;0;;"SZZ"
2025-07-26;16:40;WARSZAWA;;LO3938;0;;"SZZ"
2025-07-26;23:25;LONDYN STANSTED;;FR2467;0;;"SZZ"
2025-07-27;09:40;KRAKOW;;FR6231;0;;"SZZ"
2025-07-27;12:15;WARSZAWA;;LO3934;0;;"SZZ"
2025-07-27;14:45;LONDYN STANSTED;;FR2550;0;;"SZZ"
2025-07-27;16:40;WARSZAWA;;LO3938;0;;"SZZ"
2025-07-27;21:20;WARSZAWA;;LO3936;0;;"SZZ"
2025-07-27;23:56;DUBLIN;;FR3096;0;;"SZZ"
2025-07-27;23:59;LONDYN STANSTED;;FR2467;0;;"SZZ"
2025-07-28;08:50;WARSZAWA;;LO3932;0;;"SZZ"
2025-07-28;09:40;KRAKOW;;FR6231;0;;"SZZ"
2025-07-28;10:05;OSLO TORP;;W6 2151;0;;"SZZ"
2025-07-28;12:15;WARSZAWA;;LO3934;0;;"SZZ"
2025-07-28;14:00;LIVERPOOL;;FR9677;0;;"SZZ"
2025-07-28;14:45;LONDYN STANSTED;;FR2550;0;;"SZZ"
2025-07-28;16:40;WARSZAWA;;LO3938;0;;"SZZ"
2025-07-28;21:20;WARSZAWA;;LO3936;0;;"SZZ"
2025-07-28;23:56;DUBLIN;;FR3096;0;;"SZZ"
2025-07-29;08:50;WARSZAWA;;LO3932;0;;"SZZ"
2025-07-29;10:05;OSLO TORP;;W6 2151;0;;"SZZ"
2025-07-29;13:45;WARSZAWA;;LO3934;0;;"SZZ"
2025-07-29;14:00;LIVERPOOL;;FR9677;0;;"SZZ"
2025-07-29;16:40;WARSZAWA;;LO3938;0;;"SZZ"
2025-07-29;18:10;KRAKOW;;FR6231;0;;"SZZ"
2025-07-29;21:20;WARSZAWA;;LO3936;0;;"SZZ"
2025-07-29;23:49;LONDYN STANSTED;;FR2467;0;;"SZZ"
2025-07-30;08:50;WARSZAWA;;LO3932;0;;"SZZ"
2025-07-30;09:15;ANTALYA;;PC6294;0;;"SZZ"
2025-07-30;13:45;WARSZAWA;;LO3934;0;;"SZZ"
2025-07-30;15:25;LONDYN STANSTED;;FR2467;0;;"SZZ"
2025-07-30;16:35;ANTALYA;;XC366;0;;"SZZ"
2025-07-30;23:51;LIVERPOOL;;FR9677;0;;"SZZ"
2025-07-31;00:09;KRAKOW;;FR6231;0;;"SZZ"
2025-07-31;08:50;WARSZAWA;;LO3932;0;;"SZZ"
2025-07-31;09:15;ANTALYA;;PC6294;0;;"SZZ"
2025-07-31;13:45;WARSZAWA;;LO3934;0;;"SZZ"
2025-07-31;15:25;LONDYN STANSTED;;FR2467;0;;"SZZ"
2025-07-31;16:40;WARSZAWA;;LO3938;0;;"SZZ"
2025-07-31;21:23;WARSZAWA;;LO3936;0;;"SZZ"
2025-07-31;23:10;DUBLIN;;FR3096;0;;"SZZ"
2025-07-31;23:51;LIVERPOOL;;FR9677;0;;"SZZ"
2025-08-01;00:09;KRAKOW;;FR6231;0;;"SZZ"
2025-08-01;00:32;DUBLIN;;FR3096;0;;"SZZ"
2025-08-01;08:50;WARSZAWA;;LO3932;0;;"SZZ"
2025-08-01;09:10;LIVERPOOL;;FR9677;0;;"SZZ"
2025-08-01;09:25;ANTALYA;;PC6294;0;;"SZZ"
2025-08-01;10:05;OSLO TORP;;W6 2151;0;;"SZZ"
2025-08-01;13:45;WARSZAWA;;LO3934;0;;"SZZ"
2025-08-01;16:40;WARSZAWA;;LO3938;0;;"SZZ"
2025-08-01;17:30;LONDYN STANSTED;;FR2467;0;;"SZZ"
2025-08-01;21:23;WARSZAWA;;LO3936;0;;"SZZ"
2025-08-02;08:50;WARSZAWA;;LO3932;0;;"SZZ"
2025-08-02;09:10;LIVERPOOL;;FR9677;0;;"SZZ"
2025-08-02;09:25;ANTALYA;;PC6294;0;;"SZZ"
2025-08-02;16:40;WARSZAWA;;LO3938;0;;"SZZ"
2025-08-02;23:25;LONDYN STANSTED;;FR2467;0;;"SZZ"
2025-08-03;01:51;LONDYN STANSTED;;FR2467;0;;"SZZ"
2025-08-03;09:40;KRAKOW;;FR6231;0;;"SZZ"
2025-08-03;12:15;WARSZAWA;;LO3934;0;;"SZZ"
2025-08-03;14:45;LONDYN STANSTED;;FR2550;0;;"SZZ"
2025-08-03;16:40;WARSZAWA;;LO3938;0;;"SZZ"
2025-08-03;21:20;WARSZAWA;;LO3936;0;;"SZZ"
2025-08-03;23:51;DUBLIN;;FR3096;0;;"SZZ"
2025-08-04;08:50;WARSZAWA;;LO3932;0;;"SZZ"
2025-08-04;10:05;OSLO TORP;;W6 2151;0;;"SZZ"
2025-08-04;13:45;WARSZAWA;;LO3934;0;;"SZZ"
2025-08-04;14:00;LIVERPOOL;;FR9677;0;;"SZZ"
2025-08-04;14:00;LONDYN STANSTED;;FR2467;0;;"SZZ"
2025-08-04;16:40;WARSZAWA;;LO3938;0;;"SZZ"
2025-08-04;18:10;KRAKOW;;FR6231;0;;"SZZ"
2025-08-04;21:20;WARSZAWA;;LO3936;0;;"SZZ"
2025-08-04;23:51;DUBLIN;;FR3096;0;;"SZZ"
2025-08-05;08:50;WARSZAWA;;LO3932;0;;"SZZ"
2025-08-05;09:15;ANTALYA;;PC6294;0;;"SZZ"
2025-08-05;10:05;OSLO TORP;;W6 2151;0;;"SZZ"
2025-08-05;13:45;WARSZAWA;;LO3934;0;;"SZZ"
2025-08-05;14:00;LONDYN STANSTED;;FR2467;0;;"SZZ"
2025-08-05;16:35;ANTALYA;;XC366;0;;"SZZ"
2025-08-05;16:40;WARSZAWA;;LO3938;0;;"SZZ"
2025-08-05;18:10;KRAKOW;;FR6231;0;;"SZZ"
2025-08-05;21:20;WARSZAWA;;LO3936;0;;"SZZ"
2025-08-06;08:50;WARSZAWA;;LO3932;0;;"SZZ"
2025-08-06;09:15;ANTALYA;;PC6294;0;;"SZZ"
2025-08-06;13:45;WARSZAWA;;LO3934;0;;"SZZ"
2025-08-06;15:25;LONDYN STANSTED;;FR2467;0;;"SZZ"
2025-08-06;16:35;ANTALYA;;XC366;0;;"SZZ"
2025-08-06;16:38;WARSZAWA;;LO3938;0;;"SZZ"
2025-08-06;21:15;LONDYN STANSTED;;FR2550;0;;"SZZ"
2025-08-07;08:50;WARSZAWA;;LO3932;0;;"SZZ"
2025-08-07;13:45;WARSZAWA;;LO3934;0;;"SZZ"
2025-08-07;16:40;WARSZAWA;;LO3938;0;;"SZZ"
2025-08-07;17:30;LONDYN STANSTED;;FR2467;0;;"SZZ"
2025-08-07;21:15;LONDYN STANSTED;;FR2550;0;;"SZZ"
2025-08-07;21:17;WARSZAWA;;LO3936;0;;"SZZ"
2025-08-07;23:29;DUBLIN;;FR3096;0;;"SZZ"
2025-08-07;23:59;KRAKOW;;FR6231;0;;"SZZ"
2025-08-08;08:50;WARSZAWA;;LO3932;0;;"SZZ"
2025-08-08;09:10;LIVERPOOL;;FR9677;0;;"SZZ"
2025-08-08;09:25;ANTALYA;;PC6294;0;;"SZZ"
2025-08-08;10:05;OSLO TORP;;W6 2151;0;;"SZZ"
2025-08-08;16:40;WARSZAWA;;LO3938;0;;"SZZ"
2025-08-08;23:25;LONDYN STANSTED;;FR2467;0;;"SZZ"
2025-08-08;23:29;DUBLIN;;FR3096;0;;"SZZ"
2025-08-08;23:59;KRAKOW;;FR6231;0;;"SZZ"
2025-08-09;08:50;WARSZAWA;;LO3932;0;;"SZZ"
2025-08-09;09:10;LIVERPOOL;;FR9677;0;;"SZZ"
2025-08-09;09:25;ANTALYA;;PC6294;0;;"SZZ"
2025-08-09;10:05;OSLO TORP;;W6 2151;0;;"SZZ"
2025-08-09;16:40;WARSZAWA;;LO3938;0;;"SZZ"
2025-08-09;23:25;LONDYN STANSTED;;FR2467;0;;"SZZ"
2025-08-10;09:40;KRAKOW;;FR6231;0;;"SZZ"
2025-08-10;10:05;OSLO TORP;;W6 2151;0;;"SZZ"
2025-08-10;12:15;WARSZAWA;;LO3934;0;;"SZZ"
2025-08-10;14:00;LIVERPOOL;;FR9677;0;;"SZZ"
2025-08-10;14:45;LONDYN STANSTED;;FR2550;0;;"SZZ"
2025-08-10;16:40;WARSZAWA;;LO3938;0;;"SZZ"
2025-08-10;21:20;WARSZAWA;;LO3936;0;;"SZZ"
2025-08-10;23:30;LONDYN STANSTED;;FR2467;0;;"SZZ"
2025-08-11;08:50;WARSZAWA;;LO3932;0;;"SZZ"
2025-08-11;09:40;KRAKOW;;FR6231;0;;"SZZ"
2025-08-11;10:05;OSLO TORP;;W6 2151;0;;"SZZ"
2025-08-11;12:15;WARSZAWA;;LO3934;0;;"SZZ"
2025-08-11;14:00;LIVERPOOL;;FR9677;0;;"SZZ"
2025-08-11;14:45;LONDYN STANSTED;;FR2550;0;;"SZZ"
2025-08-11;16:40;WARSZAWA;;LO3938;0;;"SZZ"
2025-08-11;21:20;WARSZAWA;;LO3936;0;;"SZZ"
2025-08-12;08:50;WARSZAWA;;LO3932;0;;"SZZ"
2025-08-12;13:45;WARSZAWA;;LO3934;0;;"SZZ"
2025-08-12;16:40;WARSZAWA;;LO3938;0;;"SZZ"
2025-08-12;18:10;KRAKOW;;FR6231;0;;"SZZ"
2025-08-12;21:20;WARSZAWA;;LO3936;0;;"SZZ"
2025-08-12;23:50;LONDYN STANSTED;;FR2467;0;;"SZZ"
2025-08-13;08:50;WARSZAWA;;LO3932;0;;"SZZ"
2025-08-13;09:15;ANTALYA;;PC6294;0;;"SZZ"
2025-08-13;13:45;WARSZAWA;;LO3934;0;;"SZZ"
2025-08-13;15:25;LONDYN STANSTED;;FR2467;0;;"SZZ"
2025-08-13;16:35;ANTALYA;;XC366;0;;"SZZ"
2025-08-13;16:40;WARSZAWA;;LO3938;0;;"SZZ"
2025-08-13;21:15;LONDYN STANSTED;;FR2550;0;;"SZZ"
2025-08-14;08:50;WARSZAWA;;LO3932;0;;"SZZ"
2025-08-14;09:15;ANTALYA;;PC6294;0;;"SZZ"
2025-08-14;13:45;WARSZAWA;;LO3934;0;;"SZZ"
2025-08-14;15:25;LONDYN STANSTED;;FR2467;0;;"SZZ"
2025-08-14;16:40;WARSZAWA;;LO3938;0;;"SZZ"
2025-08-14;21:15;LONDYN STANSTED;;FR2550;0;;"SZZ"
2025-08-14;21:22;WARSZAWA;;LO3936;0;;"SZZ"
2025-08-14;23:45;DUBLIN;;FR3096;0;;"SZZ"
2025-08-14;23:45;KRAKOW;;FR6231;0;;"SZZ"
2025-08-15;00:35;KRAKOW;;FR6231;0;;"SZZ"
2025-08-15;08:50;WARSZAWA;;LO3932;0;;"SZZ"
2025-08-15;09:10;LIVERPOOL;;FR9677;0;;"SZZ"
2025-08-15;09:25;ANTALYA;;PC6294;0;;"SZZ"
2025-08-15;10:05;OSLO TORP;;W6 2151;0;;"SZZ"
2025-08-15;13:45;WARSZAWA;;LO3934;0;;"SZZ"
2025-08-15;14:55;LONDYN STANSTED;;FR2467;0;;"SZZ"
2025-08-15;16:40;WARSZAWA;;LO3938;0;;"SZZ"
2025-08-15;23:45;DUBLIN;;FR3096;0;;"SZZ"
2025-08-16;08:50;WARSZAWA;;LO3932;0;;"SZZ"
2025-08-16;09:10;LIVERPOOL;;FR9677;0;;"SZZ"
2025-08-16;09:25;ANTALYA;;PC6294;0;;"SZZ"
2025-08-16;09:40;KRAKOW;;FR6231;0;;"SZZ"
2025-08-16;10:05;OSLO TORP;;W6 2151;0;;"SZZ"
2025-08-16;12:15;WARSZAWA;;LO3934;0;;"SZZ"
2025-08-16;14:45;LONDYN STANSTED;;FR2550;0;;"SZZ"
2025-08-16;16:40;WARSZAWA;;LO3938;0;;"SZZ"
2025-08-16;23:25;LONDYN STANSTED;;FR2467;0;;"SZZ"
2025-08-17;00:12;LONDYN STANSTED;;FR2467;0;;"SZZ"
2025-08-17;08:50;WARSZAWA;;LO3932;0;;"SZZ"
2025-08-17;09:40;KRAKOW;;FR6231;0;;"SZZ"
2025-08-17;10:05;OSLO TORP;;W6 2151;0;;"SZZ"
2025-08-17;12:15;WARSZAWA;;LO3934;0;;"SZZ"
2025-08-17;14:00;LIVERPOOL;;FR9677;0;;"SZZ"
2025-08-17;14:45;LONDYN STANSTED;;FR2550;0;;"SZZ"
2025-08-17;16:40;WARSZAWA;;LO3938;0;;"SZZ"
2025-08-17;21:20;WARSZAWA;;LO3936;0;;"SZZ"
2025-08-18;08:50;WARSZAWA;;LO3932;0;;"SZZ"
2025-08-18;10:05;OSLO TORP;;W6 2151;0;;"SZZ"
2025-08-18;13:45;WARSZAWA;;LO3934;0;;"SZZ"
2025-08-18;14:00;LIVERPOOL;;FR9677;0;;"SZZ"
2025-08-18;16:40;WARSZAWA;;LO3938;0;;"SZZ"
2025-08-18;18:10;KRAKOW;;FR6231;0;;"SZZ"
2025-08-18;21:20;WARSZAWA;;LO3936;0;;"SZZ"
2025-08-18;23:35;LONDYN STANSTED;;FR2467;0;;"SZZ"
2025-08-19;08:50;WARSZAWA;;LO3932;0;;"SZZ"
2025-08-19;09:15;ANTALYA;;PC6294;0;;"SZZ"
2025-08-19;13:45;WARSZAWA;;LO3934;0;;"SZZ"
2025-08-19;16:40;WARSZAWA;;LO3938;0;;"SZZ"
2025-08-19;18:10;KRAKOW;;FR6231;0;;"SZZ"
2025-08-19;21:20;WARSZAWA;;LO3936;0;;"SZZ"
2025-08-19;23:35;LONDYN STANSTED;;FR2467;0;;"SZZ"
2025-08-20;00:12;LONDYN STANSTED;;FR2467;0;;"SZZ"
2025-08-20;08:50;WARSZAWA;;LO3932;0;;"SZZ"
2025-08-20;09:15;ANTALYA;;PC6294;0;;"SZZ"
2025-08-20;13:45;WARSZAWA;;LO3934;0;;"SZZ"
2025-08-20;15:25;LONDYN STANSTED;;FR2467;0;;"SZZ"
2025-08-20;16:35;ANTALYA;;XC366;0;;"SZZ"
2025-08-20;16:37;WARSZAWA;;LO3938;0;;"SZZ"
2025-08-20;21:15;LONDYN STANSTED;;FR2550;0;;"SZZ"
2025-08-21;00:07;DUBLIN;;FR3096;0;;"SZZ"
2025-08-21;08:50;WARSZAWA;;LO3932;0;;"SZZ"
2025-08-21;09:10;LIVERPOOL;;FR9677;0;;"SZZ"
2025-08-21;10:05;OSLO TORP;;W6 2151;0;;"SZZ"
2025-08-21;13:45;WARSZAWA;;LO3934;0;;"SZZ"
2025-08-21;16:40;WARSZAWA;;LO3938;0;;"SZZ"
2025-08-21;17:30;LONDYN STANSTED;;FR2467;0;;"SZZ"
2025-08-21;21:15;LONDYN STANSTED;;FR2550;0;;"SZZ"
2025-08-21;23:52;KRAKOW;;FR6231;0;;"SZZ"
2025-08-22;08:50;WARSZAWA;;LO3932;0;;"SZZ"
2025-08-22;09:10;LIVERPOOL;;FR9677;0;;"SZZ"
2025-08-22;09:25;ANTALYA;;PC6294;0;;"SZZ"
2025-08-22;10:05;OSLO TORP;;W6 2151;0;;"SZZ"
2025-08-22;13:45;WARSZAWA;;LO3934;0;;"SZZ"
2025-08-22;14:55;LONDYN STANSTED;;FR2467;0;;"SZZ"
2025-08-23;08:50;WARSZAWA;;LO3932;0;;"SZZ"
2025-08-23;09:25;ANTALYA;;PC6294;0;;"SZZ"
2025-08-23;16:25;LIVERPOOL;;FR9677;0;;"SZZ"
2025-08-23;23:25;LONDYN STANSTED;;FR2467;0;;"SZZ"
2025-08-24;09:40;KRAKOW;;FR6231;0;;"SZZ"
2025-08-24;12:15;WARSZAWA;;LO3934;0;;"SZZ"
2025-08-24;14:45;LONDYN STANSTED;;FR2550;0;;"SZZ"
2025-08-24;16:40;WARSZAWA;;LO3938;0;;"SZZ"
2025-08-24;23:25;DUBLIN;;FR3096;0;;"SZZ"
2025-08-24;23:38;LONDYN STANSTED;;FR2467;0;;"SZZ"
2025-08-25;08:50;WARSZAWA;;LO3932;0;;"SZZ"
2025-08-25;09:40;KRAKOW;;FR6231;0;;"SZZ"
2025-08-25;10:05;OSLO TORP;;W6 2151;0;;"SZZ"
2025-08-25;12:15;WARSZAWA;;LO3934;0;;"SZZ"
2025-08-25;14:00;LIVERPOOL;;FR9677;0;;"SZZ"
2025-08-25;14:45;LONDYN STANSTED;;FR2550;0;;"SZZ"
2025-08-25;16:40;WARSZAWA;;LO3938;0;;"SZZ"
2025-08-25;21:19;WARSZAWA;;LO3936;0;;"SZZ"
2025-08-25;23:25;DUBLIN;;FR3096;0;;"SZZ"
2025-08-26;08:50;WARSZAWA;;LO3932;0;;"SZZ"
2025-08-26;09:15;ANTALYA;;PC6294;0;;"SZZ"
2025-08-26;10:05;OSLO TORP;;W6 2151;0;;"SZZ"
2025-08-26;13:45;WARSZAWA;;LO3934;0;;"SZZ"
2025-08-26;16:35;ANTALYA;;XC366;0;;"SZZ"
2025-08-26;16:40;WARSZAWA;;LO3938;0;;"SZZ"
2025-08-26;18:10;KRAKOW;;FR6231;0;;"SZZ"
2025-08-26;21:20;WARSZAWA;;LO3936;0;;"SZZ"
2025-08-26;23:35;LONDYN STANSTED;;FR2467;0;;"SZZ"
2025-08-27;08:50;WARSZAWA;;LO3932;0;;"SZZ"
2025-08-27;09:15;ANTALYA;;PC6294;0;;"SZZ"
2025-08-27;13:45;WARSZAWA;;LO3934;0;;"SZZ"
2025-08-27;15:25;LONDYN STANSTED;;FR2467;0;;"SZZ"
2025-08-27;16:35;ANTALYA;;XC366;0;;"SZZ"
2025-08-27;16:40;WARSZAWA;;LO3938;0;;"SZZ"
2025-08-27;21:15;LONDYN STANSTED;;FR2550;0;;"SZZ"
2025-08-28;08:50;WARSZAWA;;LO3932;0;;"SZZ"
2025-08-28;13:45;WARSZAWA;;LO3934;0;;"SZZ"
2025-08-28;16:40;WARSZAWA;;LO3938;0;;"SZZ"
2025-08-28;17:30;LONDYN STANSTED;;FR2467;0;;"SZZ"
2025-08-28;21:15;LONDYN STANSTED;;FR2550;0;;"SZZ"
2025-08-28;23:22;DUBLIN;;FR3096;0;;"SZZ"
2025-08-28;23:49;KRAKOW;;FR6231;0;;"SZZ"
2025-08-29;08:50;WARSZAWA;;LO3932;0;;"SZZ"
2025-08-29;09:10;LIVERPOOL;;FR9677;0;;"SZZ"
2025-08-29;09:25;ANTALYA;;PC6294;0;;"SZZ"
2025-08-29;10:05;OSLO TORP;;W6 2151;0;;"SZZ"
2025-08-29;13:45;WARSZAWA;;LO3934;0;;"SZZ"
2025-08-29;14:55;LONDYN STANSTED;;FR2467;0;;"SZZ"
2025-08-29;16:40;WARSZAWA;;LO3938;0;;"SZZ"
2025-08-29;22:37;LONDYN STANSTED;;FR2550;0;;"SZZ"
2025-08-29;23:22;DUBLIN;;FR3096;0;;"SZZ"
2025-08-29;23:49;KRAKOW;;FR6231;0;;"SZZ"
2025-08-30;08:50;WARSZAWA;;LO3932;0;;"SZZ"
2025-08-30;09:10;LIVERPOOL;;FR9677;0;;"SZZ"
2025-08-30;09:25;ANTALYA;;PC6294;0;;"SZZ"
2025-08-30;16:40;WARSZAWA;;LO3938;0;;"SZZ"
2025-08-30;23:25;LONDYN STANSTED;;FR2467;0;;"SZZ"
2025-08-31;00:04;DUBLIN;;FR3096;0;;"SZZ"
2025-08-31;08:50;WARSZAWA;;LO3932;0;;"SZZ"
2025-08-31;09:40;KRAKOW;;FR6231;0;;"SZZ"
2025-08-31;10:05;OSLO TORP;;W6 2151;0;;"SZZ"
2025-08-31;12:15;WARSZAWA;;LO3934;0;;"SZZ"
2025-08-31;14:00;LIVERPOOL;;FR9677;0;;"SZZ"
2025-08-31;14:45;LONDYN STANSTED;;FR2550;0;;"SZZ"
2025-08-31;16:40;WARSZAWA;;LO3938;0;;"SZZ"
2025-08-31;23:40;LONDYN STANSTED;;FR2467;0;;"SZZ"
2025-09-01;00:04;DUBLIN;;FR3096;0;;"SZZ"
2025-09-01;08:50;WARSZAWA;;LO3932;0;;"SZZ"
2025-09-01;09:40;KRAKOW;;FR6231;0;;"SZZ"
2025-09-01;10:05;OSLO TORP;;W6 2151;0;;"SZZ"
2025-09-01;12:15;WARSZAWA;;LO3934;0;;"SZZ"
2025-09-01;14:00;LIVERPOOL;;FR9677;0;;"SZZ"
2025-09-01;14:45;LONDYN STANSTED;;FR2550;0;;"SZZ"
2025-09-01;16:40;WARSZAWA;;LO3938;0;;"SZZ"
2025-09-01;21:20;WARSZAWA;;LO3936;0;;"SZZ"
2025-09-02;08:50;WARSZAWA;;LO3932;0;;"SZZ"
2025-09-02;13:45;WARSZAWA;;LO3934;0;;"SZZ"
2025-09-02;16:40;WARSZAWA;;LO3938;0;;"SZZ"
2025-09-02;18:10;KRAKOW;;FR6231;0;;"SZZ"
2025-09-02;21:20;WARSZAWA;;LO3936;0;;"SZZ"
2025-09-02;23:35;LONDYN STANSTED;;FR2467;0;;"SZZ"
2025-09-03;08:50;WARSZAWA;;LO3932;0;;"SZZ"
2025-09-03;09:15;ANTALYA;;PC6294;0;;"SZZ"
2025-09-03;13:45;WARSZAWA;;LO3934;0;;"SZZ"
2025-09-03;15:25;LONDYN STANSTED;;FR2467;0;;"SZZ"
2025-09-03;16:36;WARSZAWA;;LO3938;0;;"SZZ"
2025-09-03;21:20;WARSZAWA;;LO3936;0;;"SZZ"
2025-09-04;00:11;DUBLIN;;FR3096;0;;"SZZ"
2025-09-04;08:50;WARSZAWA;;LO3932;0;;"SZZ"
2025-09-04;09:10;LIVERPOOL;;FR9677;0;;"SZZ"
2025-09-04;09:15;ANTALYA;;PC6294;0;;"SZZ"
2025-09-04;10:05;OSLO TORP;;W6 2151;0;;"SZZ"
2025-09-04;13:45;WARSZAWA;;LO3934;0;;"SZZ"
2025-09-04;15:25;LONDYN STANSTED;;FR2467;0;;"SZZ"
2025-09-04;16:40;WARSZAWA;;LO3938;0;;"SZZ"
2025-09-04;21:20;WARSZAWA;;LO3936;0;;"SZZ"
2025-09-04;23:45;KRAKOW;;FR6231;0;;"SZZ"
2025-09-05;00:11;DUBLIN;;FR3096;0;;"SZZ"
2025-09-05;00:21;KRAKOW;;FR6231;0;;"SZZ"
2025-09-05;08:50;WARSZAWA;;LO3932;0;;"SZZ"
2025-09-05;09:10;LIVERPOOL;;FR9677;0;;"SZZ"
2025-09-05;09:25;ANTALYA;;PC6294;0;;"SZZ"
2025-09-05;10:05;OSLO TORP;;W6 2151;0;;"SZZ"
2025-09-05;13:45;WARSZAWA;;LO3934;0;;"SZZ"
2025-09-05;16:40;WARSZAWA;;LO3938;0;;"SZZ"
2025-09-05;23:25;LONDYN STANSTED;;FR2467;0;;"SZZ"
2025-09-06;08:50;WARSZAWA;;LO3932;0;;"SZZ"
2025-09-06;09:25;ANTALYA;;PC6294;0;;"SZZ"
2025-09-06;16:25;LIVERPOOL;;FR9677;0;;"SZZ"
2025-09-06;16:40;WARSZAWA;;LO3938;0;;"SZZ"
2025-09-06;23:25;LONDYN STANSTED;;FR2467;0;;"SZZ"
2025-09-07;09:40;KRAKOW;;FR6231;0;;"SZZ"
2025-09-07;12:15;WARSZAWA;;LO3934;0;;"SZZ"
2025-09-07;14:45;LONDYN STANSTED;;FR2550;0;;"SZZ"
2025-09-07;16:40;WARSZAWA;;LO3938;0;;"SZZ"
2025-09-07;21:20;WARSZAWA;;LO3936;0;;"SZZ"
2025-09-07;23:28;LONDYN STANSTED;;FR2467;0;;"SZZ"
2025-09-07;23:47;DUBLIN;;FR3096;0;;"SZZ"
2025-09-08;08:50;WARSZAWA;;LO3932;0;;"SZZ"
2025-09-08;09:40;KRAKOW;;FR6231;0;;"SZZ"
2025-09-08;10:05;OSLO TORP;;W6 2151;0;;"SZZ"
2025-09-08;12:15;WARSZAWA;;LO3934;0;;"SZZ"
2025-09-08;14:00;LIVERPOOL;;FR9677;0;;"SZZ"
2025-09-08;14:45;LONDYN STANSTED;;FR2550;0;;"SZZ"
2025-09-08;16:40;WARSZAWA;;LO3938;0;;"SZZ"
2025-09-08;21:20;WARSZAWA;;LO3936;0;;"SZZ"
2025-09-08;23:05;LONDYN STANSTED;;FR2467;0;;"SZZ"
2025-09-08;23:47;DUBLIN;;FR3096;0;;"SZZ"
2025-09-09;08:50;WARSZAWA;;LO3932;0;;"SZZ"
2025-09-09;09:15;ANTALYA;;PC6294;0;;"SZZ"
2025-09-09;10:05;OSLO TORP;;W6 2151;0;;"SZZ"
2025-09-09;13:45;WARSZAWA;;LO3934;0;;"SZZ"
2025-09-09;16:40;WARSZAWA;;LO3938;0;;"SZZ"
2025-09-09;18:10;KRAKOW;;FR6231;0;;"SZZ"
2025-09-09;21:20;WARSZAWA;;LO3936;0;;"SZZ"
2025-09-09;23:35;LONDYN STANSTED;;FR2467;0;;"SZZ"
2025-09-10;08:50;WARSZAWA;;LO3932;0;;"SZZ"
2025-09-10;09:15;ANTALYA;;PC6294;0;;"SZZ"
2025-09-10;13:45;WARSZAWA;;LO3934;0;;"SZZ"
2025-09-10;15:25;LONDYN STANSTED;;FR2467;0;;"SZZ"
2025-09-10;16:35;ANTALYA;;XC366;0;;"SZZ"
2025-09-10;16:42;WARSZAWA;;LO3938;0;;"SZZ"
2025-09-10;23:46;LIVERPOOL;;FR9677;0;;"SZZ"
2025-09-11;08:50;WARSZAWA;;LO3932;0;;"SZZ"
2025-09-11;13:45;WARSZAWA;;LO3934;0;;"SZZ"
2025-09-11;16:40;WARSZAWA;;LO3938;0;;"SZZ"
2025-09-11;17:30;LONDYN STANSTED;;FR2467;0;;"SZZ"
2025-09-11;21:20;WARSZAWA;;LO3936;0;;"SZZ"
2025-09-11;23:10;DUBLIN;;FR3096;0;;"SZZ"
2025-09-11;23:46;LIVERPOOL;;FR9677;0;;"SZZ"
2025-09-11;23:47;KRAKOW;;FR6231;0;;"SZZ"
2025-09-12;01:07;DUBLIN;;FR3096;0;;"SZZ"
2025-09-12;08:50;WARSZAWA;;LO3932;0;;"SZZ"
2025-09-12;09:10;LIVERPOOL;;FR9677;0;;"SZZ"
2025-09-12;09:25;ANTALYA;;PC6294;0;;"SZZ"
2025-09-12;10:05;OSLO TORP;;W6 2151;0;;"SZZ"
2025-09-12;13:45;WARSZAWA;;LO3934;0;;"SZZ"
2025-09-12;16:40;WARSZAWA;;LO3938;0;;"SZZ"
2025-09-12;17:30;LONDYN STANSTED;;FR2467;0;;"SZZ"
2025-09-12;23:47;KRAKOW;;FR6231;0;;"SZZ"
2025-09-13;08:50;WARSZAWA;;LO3932;0;;"SZZ"
2025-09-13;09:10;LIVERPOOL;;FR9677;0;;"SZZ"
2025-09-13;09:25;ANTALYA;;PC6294;0;;"SZZ"
2025-09-13;10:05;OSLO TORP;;W6 2151;0;;"SZZ"
2025-09-13;16:40;WARSZAWA;;LO3938;0;;"SZZ"
2025-09-13;23:25;LONDYN STANSTED;;FR2467;0;;"SZZ"
2025-09-14;08:50;WARSZAWA;;LO3932;0;;"SZZ"
2025-09-14;09:40;KRAKOW;;FR6231;0;;"SZZ"
2025-09-14;10:05;OSLO TORP;;W6 2151;0;;"SZZ"
2025-09-14;12:15;WARSZAWA;;LO3934;0;;"SZZ"
2025-09-14;14:45;LONDYN STANSTED;;FR2550;0;;"SZZ"
2025-09-14;16:40;WARSZAWA;;LO3938;0;;"SZZ"
2025-09-14;21:20;WARSZAWA;;LO3936;0;;"SZZ"
2025-09-14;23:30;DUBLIN;;FR3096;0;;"SZZ"
2025-09-14;23:53;LONDYN STANSTED;;FR2467;0;;"SZZ"
2025-09-15;08:50;WARSZAWA;;LO3932;0;;"SZZ"
2025-09-15;09:40;KRAKOW;;FR6231;0;;"SZZ"
2025-09-15;10:05;OSLO TORP;;W6 2151;0;;"SZZ"
2025-09-15;12:15;WARSZAWA;;LO3934;0;;"SZZ"
2025-09-15;14:00;LIVERPOOL;;FR9677;0;;"SZZ"
2025-09-15;14:45;LONDYN STANSTED;;FR2550;0;;"SZZ"
2025-09-15;16:40;WARSZAWA;;LO3938;0;;"SZZ"
2025-09-15;21:20;WARSZAWA;;LO3936;0;;"SZZ"
2025-09-16;08:50;WARSZAWA;;LO3932;0;;"SZZ"
2025-09-16;13:45;WARSZAWA;;LO3934;0;;"SZZ"
2025-09-16;16:40;WARSZAWA;;LO3938;0;;"SZZ"
2025-09-16;18:10;KRAKOW;;FR6231;0;;"SZZ"
2025-09-16;21:20;WARSZAWA;;LO3936;0;;"SZZ"
2025-09-16;23:41;LONDYN STANSTED;;FR2467;0;;"SZZ"
2025-09-17;08:50;WARSZAWA;;LO3932;0;;"SZZ"
2025-09-17;09:15;ANTALYA;;PC6294;0;;"SZZ"
2025-09-17;13:45;WARSZAWA;;LO3934;0;;"SZZ"
2025-09-17;15:25;LONDYN STANSTED;;FR2467;0;;"SZZ"
2025-09-17;16:35;ANTALYA;;XC366;0;;"SZZ"
2025-09-17;16:40;WARSZAWA;;LO3938;0;;"SZZ"
2025-09-17;21:20;WARSZAWA;;LO3936;0;;"SZZ"
2025-09-18;08:50;WARSZAWA;;LO3932;0;;"SZZ"
2025-09-18;09:15;ANTALYA;;PC6294;0;;"SZZ"
2025-09-18;13:45;WARSZAWA;;LO3934;0;;"SZZ"
2025-09-18;15:25;LONDYN STANSTED;;FR2467;0;;"SZZ"
2025-09-18;16:40;WARSZAWA;;LO3938;0;;"SZZ"
2025-09-18;21:20;WARSZAWA;;LO3936;0;;"SZZ"
2025-09-18;23:37;DUBLIN;;FR3096;0;;"SZZ"
2025-09-18;23:57;KRAKOW;;FR6231;0;;"SZZ"
2025-09-19;08:50;WARSZAWA;;LO3932;0;;"SZZ"
2025-09-19;09:10;LIVERPOOL;;FR9677;0;;"SZZ"
2025-09-19;09:25;ANTALYA;;PC6294;0;;"SZZ"
2025-09-19;10:05;OSLO TORP;;W6 2151;0;;"SZZ"
2025-09-19;13:45;WARSZAWA;;LO3934;0;;"SZZ"
2025-09-19;16:40;WARSZAWA;;LO3938;0;;"SZZ"
2025-09-19;23:25;LONDYN STANSTED;;FR2467;0;;"SZZ"
2025-09-19;23:37;DUBLIN;;FR3096;0;;"SZZ"
2025-09-19;23:57;KRAKOW;;FR6231;0;;"SZZ"
2025-09-20;08:50;WARSZAWA;;LO3932;0;;"SZZ"
2025-09-20;09:10;LIVERPOOL;;FR9677;0;;"SZZ"
2025-09-20;09:25;ANTALYA;;PC6294;0;;"SZZ"
2025-09-20;10:05;OSLO TORP;;W6 2151;0;;"SZZ"
2025-09-20;16:40;WARSZAWA;;LO3938;0;;"SZZ"
2025-09-20;23:25;LONDYN STANSTED;;FR2467;0;;"SZZ"
2025-09-21;08:50;WARSZAWA;;LO3932;0;;"SZZ"
2025-09-21;09:40;KRAKOW;;FR6231;0;;"SZZ"
2025-09-21;10:05;OSLO TORP;;W6 2151;0;;"SZZ"
2025-09-21;12:15;WARSZAWA;;LO3934;0;;"SZZ"
2025-09-21;14:00;LIVERPOOL;;FR9677;0;;"SZZ"
2025-09-21;14:45;LONDYN STANSTED;;FR2550;0;;"SZZ"
2025-09-21;16:40;WARSZAWA;;LO3938;0;;"SZZ"
2025-09-21;23:46;LONDYN STANSTED;;FR2467;0;;"SZZ"
2025-09-22;08:50;WARSZAWA;;LO3932;0;;"SZZ"
2025-09-22;09:40;KRAKOW;;FR6231;0;;"SZZ"
2025-09-22;10:05;OSLO TORP;;W6 2151;0;;"SZZ"
2025-09-22;12:15;WARSZAWA;;LO3934;0;;"SZZ"
2025-09-22;14:00;LIVERPOOL;;FR9677;0;;"SZZ"
2025-09-22;14:45;LONDYN STANSTED;;FR2550;0;;"SZZ"
2025-09-22;16:40;WARSZAWA;;LO3938;0;;"SZZ"
2025-09-22;21:20;WARSZAWA;;LO3936;0;;"SZZ"
2025-09-23;08:50;WARSZAWA;;LO3932;0;;"SZZ"
2025-09-23;09:15;ANTALYA;;PC6294;0;;"SZZ"
2025-09-23;13:45;WARSZAWA;;LO3934;0;;"SZZ"
2025-09-23;16:40;WARSZAWA;;LO3938;0;;"SZZ"
2025-09-23;18:10;KRAKOW;;FR6231;0;;"SZZ"
2025-09-23;21:20;WARSZAWA;;LO3936;0;;"SZZ"
2025-09-23;23:35;LONDYN STANSTED;;FR2467;0;;"SZZ"
2025-09-24;08:50;WARSZAWA;;LO3932;0;;"SZZ"
2025-09-24;09:15;ANTALYA;;PC6294;0;;"SZZ"
2025-09-24;13:45;WARSZAWA;;LO3934;0;;"SZZ"
2025-09-24;15:25;LONDYN STANSTED;;FR2467;0;;"SZZ"
2025-09-24;16:35;ANTALYA;;XC366;0;;"SZZ"
2025-09-24;16:43;WARSZAWA;;LO3938;0;;"SZZ"
2025-09-24;21:20;WARSZAWA;;LO3936;0;;"SZZ"
2025-09-25;08:50;WARSZAWA;;LO3932;0;;"SZZ"
2025-09-25;13:45;WARSZAWA;;LO3934;0;;"SZZ"
2025-09-25;16:40;WARSZAWA;;LO3938;0;;"SZZ"
2025-09-25;17:30;LONDYN STANSTED;;FR2467;0;;"SZZ"
2025-09-25;21:20;WARSZAWA;;LO3936;0;;"SZZ"
2025-09-25;23:10;DUBLIN;;FR3096;0;;"SZZ"
2025-09-25;23:45;KRAKOW;;FR6231;0;;"SZZ"
2025-09-26;00:04;DUBLIN;;FR3096;0;;"SZZ"
2025-09-26;08:50;WARSZAWA;;LO3932;0;;"SZZ"
2025-09-26;09:10;LIVERPOOL;;FR9677;0;;"SZZ"
2025-09-26;09:25;ANTALYA;;PC6294;0;;"SZZ"
2025-09-26;10:05;OSLO TORP;;W6 2151;0;;"SZZ"
2025-09-26;13:45;WARSZAWA;;LO3934;0;;"SZZ"
2025-09-26;16:40;WARSZAWA;;LO3938;0;;"SZZ"
2025-09-26;23:25;LONDYN STANSTED;;FR2467;0;;"SZZ"
2025-09-26;23:55;KRAKOW;;FR6231;0;;"SZZ"
2025-09-27;08:50;WARSZAWA;;LO3932;0;;"SZZ"
2025-09-27;09:10;LIVERPOOL;;FR9677;0;;"SZZ"
2025-09-27;09:25;ANTALYA;;PC6294;0;;"SZZ"
2025-09-27;10:05;OSLO TORP;;W6 2151;0;;"SZZ"
2025-09-27;16:15;WARSZAWA;;LO3938;0;;"SZZ"
2025-09-27;23:25;LONDYN STANSTED;;FR2467;0;;"SZZ"
2025-09-28;09:40;KRAKOW;;FR6231;0;;"SZZ"
2025-09-28;12:25;WARSZAWA;;LO3934;0;;"SZZ"
2025-09-28;14:45;LONDYN STANSTED;;FR2550;0;;"SZZ"
2025-09-28;16:40;WARSZAWA;;LO3938;0;;"SZZ"
2025-09-28;23:45;DUBLIN;;FR3096;0;;"SZZ"
2025-09-28;23:51;LONDYN STANSTED;;FR2467;0;;"SZZ"
2025-09-29;08:50;WARSZAWA;;LO3932;0;;"SZZ"
2025-09-29;09:40;KRAKOW;;FR6231;0;;"SZZ"
2025-09-29;10:05;OSLO TORP;;W6 2151;0;;"SZZ"
2025-09-29;12:25;WARSZAWA;;LO3934;0;;"SZZ"
2025-09-29;14:45;LONDYN STANSTED;;FR2550;0;;"SZZ"
2025-09-29;16:40;WARSZAWA;;LO3938;0;;"SZZ"
2025-09-29;21:20;WARSZAWA;;LO3936;0;;"SZZ"
2025-09-29;23:29;LONDYN STANSTED;;FR2467;0;;"SZZ"
2025-09-29;23:45;DUBLIN;;FR3096;0;;"SZZ"
2025-09-30;08:50;WARSZAWA;;LO3932;0;;"SZZ"
2025-09-30;09:15;ANTALYA;;PC6294;0;;"SZZ"
2025-09-30;10:05;OSLO TORP;;W6 2151;0;;"SZZ"
2025-09-30;13:45;WARSZAWA;;LO3934;0;;"SZZ"
2025-09-30;16:40;WARSZAWA;;LO3938;0;;"SZZ"
2025-09-30;17:45;ANTALYA;;RR7719;0;;"SZZ"
2025-09-30;18:10;KRAKOW;;FR6231;0;;"SZZ"
2025-09-30;21:20;WARSZAWA;;LO3936;0;;"SZZ"
2025-09-30;23:53;LONDYN STANSTED;;FR2467;0;;"SZZ"
2025-10-01;08:50;WARSZAWA;;LO3932;0;;"SZZ"
2025-10-01;09:15;ANTALYA;;PC6294;0;;"SZZ"
2025-10-01;13:45;WARSZAWA;;LO3934;0;;"SZZ"
2025-10-01;15:25;LONDYN STANSTED;;FR2467;0;;"SZZ"
2025-10-01;17:45;ANTALYA;;RR7719;0;;"SZZ"
2025-10-01;21:15;WARSZAWA;;LO3936;0;;"SZZ"
2025-10-01;23:05;LIVERPOOL;;FR9677;0;;"SZZ"
2025-10-02;08:50;WARSZAWA;;LO3932;0;;"SZZ"
2025-10-02;13:45;WARSZAWA;;LO3934;0;;"SZZ"
2025-10-02;16:40;WARSZAWA;;LO3938;0;;"SZZ"
2025-10-02;17:30;LONDYN STANSTED;;FR2467;0;;"SZZ"
2025-10-02;21:20;WARSZAWA;;LO3936;0;;"SZZ"
2025-10-02;21:22;ANTALYA;;RR7719;0;;"SZZ"
2025-10-02;23:05;LIVERPOOL;;FR9677;0;;"SZZ"
2025-10-02;23:08;DUBLIN;;FR3096;0;;"SZZ"
2025-10-02;23:45;KRAKOW;;FR6231;0;;"SZZ"
2025-10-03;00:20;KRAKOW;;FR6231;0;;"SZZ"
2025-10-03;08:50;WARSZAWA;;LO3932;0;;"SZZ"
2025-10-03;09:10;LIVERPOOL;;FR9677;0;;"SZZ"
2025-10-03;09:25;ANTALYA;;PC6294;0;;"SZZ"
2025-10-03;10:05;OSLO TORP;;W6 2151;0;;"SZZ"
2025-10-03;13:45;WARSZAWA;;LO3934;0;;"SZZ"
2025-10-03;16:40;WARSZAWA;;LO3938;0;;"SZZ"
2025-10-03;23:08;DUBLIN;;FR3096;0;;"SZZ"
2025-10-03;23:25;LONDYN STANSTED;;FR2467;0;;"SZZ"
2025-10-04;08:50;WARSZAWA;;LO3932;0;;"SZZ"
2025-10-04;09:10;LIVERPOOL;;FR9677;0;;"SZZ"
2025-10-04;09:25;ANTALYA;;PC6294;0;;"SZZ"
2025-10-04;10:05;OSLO TORP;;W6 2151;0;;"SZZ"
2025-10-04;16:40;WARSZAWA;;LO3938;0;;"SZZ"
2025-10-04;23:25;LONDYN STANSTED;;FR2467;0;;"SZZ"
2025-10-05;00:25;LONDYN STANSTED;;FR2467;0;;"SZZ"
2025-10-05;09:40;KRAKOW;;FR6231;0;;"SZZ"
2025-10-05;12:25;WARSZAWA;;LO3934;0;;"SZZ"
2025-10-05;14:45;LONDYN STANSTED;;FR2550;0;;"SZZ"
2025-10-05;16:40;WARSZAWA;;LO3938;0;;"SZZ"
2025-10-05;23:34;DUBLIN;;FR3096;0;;"SZZ"
2025-10-06;08:50;WARSZAWA;;LO3932;0;;"SZZ"
2025-10-06;10:05;OSLO TORP;;W6 2151;0;;"SZZ"
2025-10-06;13:45;WARSZAWA;;LO3934;0;;"SZZ"
2025-10-06;14:00;LIVERPOOL;;FR9677;0;;"SZZ"
2025-10-06;16:10;LONDYN STANSTED;;FR9083;0;;"SZZ"
2025-10-06;16:40;WARSZAWA;;LO3938;0;;"SZZ"
2025-10-06;18:10;KRAKOW;;FR6231;0;;"SZZ"
2025-10-06;21:20;WARSZAWA;;LO3936;0;;"SZZ"
2025-10-06;23:34;DUBLIN;;FR3096;0;;"SZZ"
2025-10-07;08:50;WARSZAWA;;LO3932;0;;"SZZ"
2025-10-07;10:05;OSLO TORP;;W6 2151;0;;"SZZ"
2025-10-07;13:45;WARSZAWA;;LO3934;0;;"SZZ"
2025-10-07;14:00;LIVERPOOL;;FR9677;0;;"SZZ"
2025-10-07;16:10;LONDYN STANSTED;;FR9083;0;;"SZZ"
2025-10-07;16:40;WARSZAWA;;LO3938;0;;"SZZ"
2025-10-07;18:10;KRAKOW;;FR6231;0;;"SZZ"
2025-10-07;23:48;LONDYN STANSTED;;FR2467;0;;"SZZ"
2025-10-08;08:50;WARSZAWA;;LO3932;0;;"SZZ"
2025-10-08;09:15;ANTALYA;;PC6294;0;;"SZZ"
2025-10-08;13:45;WARSZAWA;;LO3934;0;;"SZZ"
2025-10-08;15:25;LONDYN STANSTED;;FR2467;0;;"SZZ"
2025-10-08;16:40;WARSZAWA;;LO3938;0;;"SZZ"
2025-10-08;17:45;ANTALYA;;RR7719;0;;"SZZ"
2025-10-08;21:20;WARSZAWA;;LO3936;0;;"SZZ"
2025-10-09;00:15;KRAKOW;;FR6231;0;;"SZZ"
2025-10-09;08:50;WARSZAWA;;LO3932;0;;"SZZ"
2025-10-09;09:15;ANTALYA;;PC6294;0;;"SZZ"
2025-10-09;13:45;WARSZAWA;;LO3934;0;;"SZZ"
2025-10-09;15:25;LONDYN STANSTED;;FR2467;0;;"SZZ"
2025-10-09;16:40;WARSZAWA;;LO3938;0;;"SZZ"
2025-10-09;21:20;WARSZAWA;;LO3936;0;;"SZZ"
2025-10-09;23:21;DUBLIN;;FR3096;0;;"SZZ"
2025-10-10;00:15;KRAKOW;;FR6231;0;;"SZZ"
2025-10-10;08:50;WARSZAWA;;LO3932;0;;"SZZ"
2025-10-10;09:10;LIVERPOOL;;FR9677;0;;"SZZ"
2025-10-10;09:25;ANTALYA;;PC6294;0;;"SZZ"
2025-10-10;10:05;OSLO TORP;;W6 2151;0;;"SZZ"
2025-10-10;13:45;WARSZAWA;;LO3934;0;;"SZZ"
2025-10-10;16:40;WARSZAWA;;LO3938;0;;"SZZ"
2025-10-10;23:21;DUBLIN;;FR3096;0;;"SZZ"
2025-10-10;23:25;LONDYN STANSTED;;FR2467;0;;"SZZ"
2025-10-11;08:50;WARSZAWA;;LO3932;0;;"SZZ"
2025-10-11;09:10;LIVERPOOL;;FR9677;0;;"SZZ"
2025-10-11;09:25;ANTALYA;;PC6294;0;;"SZZ"
2025-10-11;10:05;OSLO TORP;;W6 2151;0;;"SZZ"
2025-10-11;16:40;WARSZAWA;;LO3938;0;;"SZZ"
2025-10-11;23:25;LONDYN STANSTED;;FR2467;0;;"SZZ"
2025-10-12;09:40;KRAKOW;;FR6231;0;;"SZZ"
2025-10-12;12:25;WARSZAWA;;LO3934;0;;"SZZ"
2025-10-12;14:45;LONDYN STANSTED;;FR2550;0;;"SZZ"
2025-10-12;16:40;WARSZAWA;;LO3938;0;;"SZZ"
2025-10-12;21:20;WARSZAWA;;LO3936;0;;"SZZ"
2025-10-12;23:43;LONDYN STANSTED;;FR2467;0;;"SZZ"
2025-10-12;23:49;DUBLIN;;FR3096;0;;"SZZ"
2025-10-13;08:50;WARSZAWA;;LO3932;0;;"SZZ"
2025-10-13;09:40;KRAKOW;;FR6231;0;;"SZZ"
2025-10-13;10:05;OSLO TORP;;W6 2151;0;;"SZZ"
2025-10-13;12:25;WARSZAWA;;LO3934;0;;"SZZ"
2025-10-13;14:00;LIVERPOOL;;FR9677;0;;"SZZ"
2025-10-13;14:45;LONDYN STANSTED;;FR2550;0;;"SZZ"
2025-10-13;16:10;LONDYN STANSTED;;FR9083;0;;"SZZ"
2025-10-13;16:40;WARSZAWA;;LO3938;0;;"SZZ"
2025-10-13;23:49;DUBLIN;;FR3096;0;;"SZZ"
2025-10-14;00:03;LONDYN STANSTED;;FR2467;0;;"SZZ"
2025-10-14;08:50;WARSZAWA;;LO3932;0;;"SZZ"
2025-10-14;09:15;ANTALYA;;PC6294;0;;"SZZ"
2025-10-14;10:05;OSLO TORP;;W6 2151;0;;"SZZ"
2025-10-14;13:45;WARSZAWA;;LO3934;0;;"SZZ"
2025-10-14;14:00;LIVERPOOL;;FR9677;0;;"SZZ"
2025-10-14;15:25;LONDYN STANSTED;;FR2467;0;;"SZZ"
2025-10-14;16:10;LONDYN STANSTED;;FR9083;0;;"SZZ"
2025-10-14;16:40;WARSZAWA;;LO3938;0;;"SZZ"
2025-10-14;18:10;KRAKOW;;FR6231;0;;"SZZ"
2025-10-15;00:03;LONDYN STANSTED;;FR2467;0;;"SZZ"
2025-10-15;08:50;WARSZAWA;;LO3932;0;;"SZZ"
2025-10-15;09:15;ANTALYA;;PC6294;0;;"SZZ"
2025-10-15;13:45;WARSZAWA;;LO3934;0;;"SZZ"
2025-10-15;15:25;LONDYN STANSTED;;FR2467;0;;"SZZ"
2025-10-15;16:40;WARSZAWA;;LO3938;0;;"SZZ"
2025-10-15;21:20;WARSZAWA;;LO3936;0;;"SZZ"
2025-10-15;23:10;DUBLIN;;FR3096;0;;"SZZ"
2025-10-16;13:45;WARSZAWA;;LO3934;0;;"SZZ"
2025-10-16;16:40;WARSZAWA;;LO3938;0;;"SZZ"
2025-10-16;17:30;LONDYN STANSTED;;FR2467;0;;"SZZ"
2025-10-16;21:20;WARSZAWA;;LO3936;0;;"SZZ"
2025-10-16;23:10;DUBLIN;;FR3096;0;;"SZZ"
2025-10-16;23:47;KRAKOW;;FR6231;0;;"SZZ"
2025-10-17;08:50;WARSZAWA;;LO3932;0;;"SZZ"
2025-10-17;09:10;LIVERPOOL;;FR9677;0;;"SZZ"
2025-10-17;09:25;ANTALYA;;PC6294;0;;"SZZ"
2025-10-17;10:05;OSLO TORP;;W6 2151;0;;"SZZ"
2025-10-17;13:45;WARSZAWA;;LO3934;0;;"SZZ"
2025-10-17;16:40;WARSZAWA;;LO3938;0;;"SZZ"
2025-10-17;23:15;DUBLIN;;FR3096;0;;"SZZ"
2025-10-17;23:25;LONDYN STANSTED;;FR2467;0;;"SZZ"
2025-10-17;23:47;KRAKOW;;FR6231;0;;"SZZ"
2025-10-18;08:50;WARSZAWA;;LO3932;0;;"SZZ"
2025-10-18;09:10;LIVERPOOL;;FR9677;0;;"SZZ"
2025-10-18;09:25;ANTALYA;;PC6294;0;;"SZZ"
2025-10-18;10:05;OSLO TORP;;W6 2151;0;;"SZZ"
2025-10-18;16:40;WARSZAWA;;LO3938;0;;"SZZ"
2025-10-18;23:25;LONDYN STANSTED;;FR2467;0;;"SZZ"
2025-10-19;09:40;KRAKOW;;FR6231;0;;"SZZ"
2025-10-19;12:25;WARSZAWA;;LO3934;0;;"SZZ"
2025-10-19;14:45;LONDYN STANSTED;;FR2550;0;;"SZZ"
2025-10-19;16:40;WARSZAWA;;LO3938;0;;"SZZ"
2025-10-19;23:22;LONDYN STANSTED;;FR2467;0;;"SZZ"
2025-10-19;23:42;DUBLIN;;FR3096;0;;"SZZ"
2025-10-20;08:50;WARSZAWA;;LO3932;0;;"SZZ"
2025-10-20;09:40;KRAKOW;;FR6231;0;;"SZZ"
2025-10-20;10:05;OSLO TORP;;W6 2151;0;;"SZZ"
2025-10-20;12:25;WARSZAWA;;LO3934;0;;"SZZ"
2025-10-20;14:00;LIVERPOOL;;FR9677;0;;"SZZ"
2025-10-20;14:45;LONDYN STANSTED;;FR2550;0;;"SZZ"
2025-10-20;16:10;LONDYN STANSTED;;FR9083;0;;"SZZ"
2025-10-20;16:40;WARSZAWA;;LO3938;0;;"SZZ"
2025-10-20;23:42;DUBLIN;;FR3096;0;;"SZZ"
2025-10-21;08:50;WARSZAWA;;LO3932;0;;"SZZ"
2025-10-21;09:15;ANTALYA;;PC6294;0;;"SZZ"
2025-10-21;10:05;OSLO TORP;;W6 2151;0;;"SZZ"
2025-10-21;13:45;WARSZAWA;;LO3934;0;;"SZZ"
2025-10-21;14:00;LIVERPOOL;;FR9677;0;;"SZZ"
2025-10-21;16:10;LONDYN STANSTED;;FR9083;0;;"SZZ"
2025-10-21;16:40;WARSZAWA;;LO3938;0;;"SZZ"
2025-10-21;18:10;KRAKOW;;FR6231;0;;"SZZ"
2025-10-21;23:35;LONDYN STANSTED;;FR2467;0;;"SZZ"
2025-10-22;08:50;WARSZAWA;;LO3932;0;;"SZZ"
2025-10-22;09:15;ANTALYA;;PC6294;0;;"SZZ"
2025-10-22;13:45;WARSZAWA;;LO3934;0;;"SZZ"
2025-10-22;15:25;LONDYN STANSTED;;FR2467;0;;"SZZ"
2025-10-22;16:40;WARSZAWA;;LO3938;0;;"SZZ"
2025-10-22;21:20;WARSZAWA;;LO3936;0;;"SZZ"
2025-10-23;08:50;WARSZAWA;;LO3932;0;;"SZZ"
2025-10-23;13:45;WARSZAWA;;LO3934;0;;"SZZ"
2025-10-23;16:40;WARSZAWA;;LO3938;0;;"SZZ"
2025-10-23;17:30;LONDYN STANSTED;;FR2467;0;;"SZZ"
2025-10-23;21:20;WARSZAWA;;LO3936;0;;"SZZ"
2025-10-23;23:45;KRAKOW;;FR6231;0;;"SZZ"
2025-10-23;23:47;DUBLIN;;FR3096;0;;"SZZ"
2025-10-24;00:17;KRAKOW;;FR6231;0;;"SZZ"
2025-10-24;08:50;WARSZAWA;;LO3932;0;;"SZZ"
2025-10-24;09:10;LIVERPOOL;;FR9677;0;;"SZZ"
2025-10-24;09:25;ANTALYA;;PC6294;0;;"SZZ"
2025-10-24;10:05;OSLO TORP;;W6 2151;0;;"SZZ"
2025-10-24;13:45;WARSZAWA;;LO3934;0;;"SZZ"
2025-10-24;16:40;WARSZAWA;;LO3938;0;;"SZZ"
2025-10-24;23:25;LONDYN STANSTED;;FR2467;0;;"SZZ"
2025-10-24;23:47;DUBLIN;;FR3096;0;;"SZZ"
2025-10-25;08:50;WARSZAWA;;LO3932;0;;"SZZ"
2025-10-25;09:10;LIVERPOOL;;FR9677;0;;"SZZ"
2025-10-25;09:25;ANTALYA;;PC6294;0;;"SZZ"
2025-10-25;10:05;OSLO TORP;;W6 2151;0;;"SZZ"
2025-10-25;16:40;WARSZAWA;;LO3938;0;;"SZZ"
2025-10-25;23:25;LONDYN STANSTED;;FR2467;0;;"SZZ"
2025-10-26;08:55;WARSZAWA;;LO3932;0;;"SZZ"
2025-10-26;10:55;OSLO GARDERMOEN;;W6 2151;0;;"SZZ"
2025-10-26;11:55;DUBLIN;;FR3096;0;;"SZZ"
2025-10-26;12:25;WARSZAWA;;LO3934;0;;"SZZ"
2025-10-26;14:55;WARSZAWA;;LO3934;0;;"SZZ"
2025-10-26;15:45;LONDYN STANSTED;;FR2467;0;;"SZZ"
2025-10-26;21:10;WARSZAWA;;LO3936;0;;"SZZ"
2025-10-27;08:55;WARSZAWA;;LO3932;0;;"SZZ"
2025-10-27;09:35;KRAKOW;;FR6231;0;;"SZZ"
2025-10-27;10:55;OSLO GARDERMOEN;;W6 2151;0;;"SZZ"
2025-10-27;11:55;DUBLIN;;FR3096;0;;"SZZ"
2025-10-27;12:25;WARSZAWA;;LO3934;0;;"SZZ"
2025-10-27;14:55;WARSZAWA;;LO3934;0;;"SZZ"
2025-10-27;15:45;LONDYN STANSTED;;FR2467;0;;"SZZ"
2025-10-27;21:10;WARSZAWA;;LO3936;0;;"SZZ"
2025-10-28;08:15;ANTALYA;;PC6294;0;;"SZZ"
2025-10-28;08:55;WARSZAWA;;LO3932;0;;"SZZ"
2025-10-28;09:35;KRAKOW;;FR6231;0;;"SZZ"
2025-10-28;15:15;WARSZAWA;;LO3934;0;;"SZZ"
2025-10-28;17:05;LONDYN STANSTED;;FR2467;0;;"SZZ"
2025-10-28;21:10;WARSZAWA;;LO3936;0;;"SZZ"
2025-10-29;08:05;KRAKOW;;FR6231;0;;"SZZ"
2025-10-29;08:15;ANTALYA;;PC6294;0;;"SZZ"
2025-10-29;08:55;WARSZAWA;;LO3932;0;;"SZZ"
2025-10-29;14:55;WARSZAWA;;LO3934;0;;"SZZ"
2025-10-29;17:05;LONDYN STANSTED;;FR2467;0;;"SZZ"
2025-10-29;21:10;WARSZAWA;;LO3936;0;;"SZZ"
2025-10-30;08:05;KRAKOW;;FR6231;0;;"SZZ"
2025-10-30;08:55;WARSZAWA;;LO3932;0;;"SZZ"
2025-10-30;15:15;WARSZAWA;;LO3934;0;;"SZZ"
2025-10-30;17:50;LONDYN STANSTED;;FR2467;0;;"SZZ"
2025-10-30;21:10;WARSZAWA;;LO3936;0;;"SZZ"
2025-10-30;23:26;DUBLIN;;FR3096;0;;"SZZ"
2025-10-31;08:55;WARSZAWA;;LO3932;0;;"SZZ"
2025-10-31;10:55;OSLO GARDERMOEN;;W6 2151;0;;"SZZ"
2025-10-31;14:55;WARSZAWA;;LO3934;0;;"SZZ"
2025-10-31;17:45;LONDYN STANSTED;;FR2550;0;;"SZZ"
2025-10-31;21:10;WARSZAWA;;LO3936;0;;"SZZ"
2025-10-31;23:15;LIVERPOOL;;FR9677;0;;"SZZ"
2025-10-31;23:26;DUBLIN;;FR3096;0;;"SZZ"
2025-11-01;08:25;ANTALYA;;PC6294;0;;"SZZ"
2025-11-01;08:55;WARSZAWA;;LO3932;0;;"SZZ"
2025-11-01;10:55;OSLO GARDERMOEN;;W6 2151;0;;"SZZ"
2025-11-01;14:50;DUBLIN;;FR3096;0;;"SZZ"
2025-11-01;14:55;WARSZAWA;;LO3934;0;;"SZZ"
2025-11-01;17:45;LONDYN STANSTED;;FR2550;0;;"SZZ"
2025-11-01;23:15;LIVERPOOL;;FR9677;0;;"SZZ"
2025-11-02;08:25;ANTALYA;;PC6294;0;;"SZZ"
2025-11-02;08:55;WARSZAWA;;LO3932;0;;"SZZ"
2025-11-02;10:55;OSLO GARDERMOEN;;W6 2151;0;;"SZZ"
2025-11-02;14:50;DUBLIN;;FR3096;0;;"SZZ"
2025-11-02;15:15;WARSZAWA;;LO3934;0;;"SZZ"
2025-11-02;15:45;LONDYN STANSTED;;FR2467;0;;"SZZ"
2025-11-02;21:10;WARSZAWA;;LO3936;0;;"SZZ"
2025-11-03;08:55;WARSZAWA;;LO3932;0;;"SZZ"
2025-11-03;10:15;LONDYN STANSTED;;FR2467;0;;"SZZ"
2025-11-03;10:55;OSLO GARDERMOEN;;W6 2151;0;;"SZZ"
2025-11-03;14:55;WARSZAWA;;LO3934;0;;"SZZ"
2025-11-03;21:10;WARSZAWA;;LO3936;0;;"SZZ"
2025-11-04;08:55;WARSZAWA;;LO3932;0;;"SZZ"
2025-11-04;14:00;ANTALYA;;ENT4181;0;;"SZZ"
2025-11-04;15:15;WARSZAWA;;LO3934;0;;"SZZ"
2025-11-04;17:05;LONDYN STANSTED;;FR2467;0;;"SZZ"
2025-11-04;21:10;WARSZAWA;;LO3936;0;;"SZZ"
2025-11-05;08:55;WARSZAWA;;LO3932;0;;"SZZ"
2025-11-05;14:00;ANTALYA;;ENT4181;0;;"SZZ"
2025-11-05;14:55;WARSZAWA;;LO3934;0;;"SZZ"
2025-11-05;17:05;LONDYN STANSTED;;FR2467;0;;"SZZ"
2025-11-05;21:10;WARSZAWA;;LO3936;0;;"SZZ"
2025-11-05;22:35;DUBLIN;;FR3096;0;;"SZZ"
2025-11-06;08:55;WARSZAWA;;LO3932;0;;"SZZ"
2025-11-06;10:55;OSLO GARDERMOEN;;W6 2151;0;;"SZZ"
2025-11-06;15:15;WARSZAWA;;LO3934;0;;"SZZ"
2025-11-06;17:50;LONDYN STANSTED;;FR2467;0;;"SZZ"
2025-11-06;21:10;WARSZAWA;;LO3936;0;;"SZZ"
2025-11-06;22:35;DUBLIN;;FR3096;0;;"SZZ"
2025-11-07;08:55;WARSZAWA;;LO3932;0;;"SZZ"
2025-11-07;10:55;OSLO GARDERMOEN;;W6 2151;0;;"SZZ"
2025-11-07;14:50;DUBLIN;;FR3096;0;;"SZZ"
2025-11-07;14:55;WARSZAWA;;LO3934;0;;"SZZ"
2025-11-07;16:15;LIVERPOOL;;FR9677;0;;"SZZ"
2025-11-07;21:10;WARSZAWA;;LO3936;0;;"SZZ"
2025-11-08;08:55;WARSZAWA;;LO3932;0;;"SZZ"
2025-11-08;14:50;DUBLIN;;FR3096;0;;"SZZ"
2025-11-08;15:15;WARSZAWA;;LO3934;0;;"SZZ"
2025-11-08;15:45;LONDYN STANSTED;;FR2467;0;;"SZZ"
2025-11-08;16:15;LIVERPOOL;;FR9677;0;;"SZZ"
2025-11-08;21:10;WARSZAWA;;LO3936;0;;"SZZ"
2025-11-09;08:55;WARSZAWA;;LO3932;0;;"SZZ"
2025-11-09;10:55;OSLO GARDERMOEN;;W6 2151;0;;"SZZ"
2025-11-09;11:55;DUBLIN;;FR3096;0;;"SZZ"
2025-11-09;14:55;WARSZAWA;;LO3934;0;;"SZZ"
2025-11-09;15:45;LONDYN STANSTED;;FR2467;0;;"SZZ"
2025-11-09;21:10;WARSZAWA;;LO3936;0;;"SZZ"
2025-11-10;08:55;WARSZAWA;;LO3932;0;;"SZZ"
2025-11-10;10:15;LONDYN STANSTED;;FR2467;0;;"SZZ"
2025-11-10;10:55;OSLO GARDERMOEN;;W6 2151;0;;"SZZ"
2025-11-10;14:55;WARSZAWA;;LO3934;0;;"SZZ"
2025-11-10;21:10;WARSZAWA;;LO3936;0;;"SZZ"
2025-11-11;08:55;WARSZAWA;;LO3932;0;;"SZZ"
2025-11-11;15:15;WARSZAWA;;LO3934;0;;"SZZ"
2025-11-11;21:10;WARSZAWA;;LO3936;0;;"SZZ"
2025-11-12;08:55;WARSZAWA;;LO3932;0;;"SZZ"
2025-11-12;14:55;WARSZAWA;;LO3934;0;;"SZZ"
2025-11-12;17:50;LONDYN STANSTED;;FR2467;0;;"SZZ"
2025-11-12;21:10;WARSZAWA;;LO3936;0;;"SZZ"
2025-11-12;22:35;DUBLIN;;FR3096;0;;"SZZ"
2025-11-13;08:55;WARSZAWA;;LO3932;0;;"SZZ"
2025-11-13;15:15;WARSZAWA;;LO3934;0;;"SZZ"
2025-11-13;17:50;LONDYN STANSTED;;FR2467;0;;"SZZ"
2025-11-13;21:10;WARSZAWA;;LO3936;0;;"SZZ"
2025-11-13;22:35;DUBLIN;;FR3096;0;;"SZZ"
2025-11-14;08:55;WARSZAWA;;LO3932;0;;"SZZ"
2025-11-14;10:55;OSLO GARDERMOEN;;W6 2151;0;;"SZZ"
2025-11-14;14:50;DUBLIN;;FR3096;0;;"SZZ"
2025-11-14;14:55;WARSZAWA;;LO3934;0;;"SZZ"
2025-11-14;16:15;LIVERPOOL;;FR9677;0;;"SZZ"
2025-11-14;21:00;PIZA;;ITY9011;0;;"SZZ"
2025-11-14;21:10;WARSZAWA;;LO3936;0;;"SZZ"
2025-11-15;08:55;WARSZAWA;;LO3932;0;;"SZZ"
2025-11-15;14:50;DUBLIN;;FR3096;0;;"SZZ"
2025-11-15;15:15;WARSZAWA;;LO3934;0;;"SZZ"
2025-11-15;15:45;LONDYN STANSTED;;FR2467;0;;"SZZ"
2025-11-15;16:15;LIVERPOOL;;FR9677;0;;"SZZ"
2025-11-15;21:10;WARSZAWA;;LO3936;0;;"SZZ"
2025-11-16;08:55;WARSZAWA;;LO3932;0;;"SZZ"
2025-11-16;10:55;OSLO GARDERMOEN;;W6 2151;0;;"SZZ"
2025-11-16;11:55;DUBLIN;;FR3096;0;;"SZZ"
2025-11-16;14:55;WARSZAWA;;LO3934;0;;"SZZ"
2025-11-16;15:45;LONDYN STANSTED;;FR2467;0;;"SZZ"
2025-11-16;21:10;WARSZAWA;;LO3936;0;;"SZZ"
2025-11-17;08:55;WARSZAWA;;LO3932;0;;"SZZ"
2025-11-17;10:15;LONDYN STANSTED;;FR2467;0;;"SZZ"
2025-11-17;10:55;OSLO GARDERMOEN;;W6 2151;0;;"SZZ"
2025-11-17;14:55;WARSZAWA;;LO3934;0;;"SZZ"
2025-11-17;21:10;WARSZAWA;;LO3936;0;;"SZZ"
2025-11-18;08:55;WARSZAWA;;LO3932;0;;"SZZ"
2025-11-18;15:15;WARSZAWA;;LO3934;0;;"SZZ"
2025-11-18;21:10;WARSZAWA;;LO3936;0;;"SZZ"
2025-11-19;08:55;WARSZAWA;;LO3932;0;;"SZZ"
2025-11-19;14:55;WARSZAWA;;LO3934;0;;"SZZ"
2025-11-19;17:50;LONDYN STANSTED;;FR2467;0;;"SZZ"
2025-11-19;21:10;WARSZAWA;;LO3936;0;;"SZZ"
2025-11-19;22:35;DUBLIN;;FR3096;0;;"SZZ"
2025-11-20;08:55;WARSZAWA;;LO3932;0;;"SZZ"
2025-11-20;15:15;WARSZAWA;;LO3934;0;;"SZZ"
2025-11-20;17:50;LONDYN STANSTED;;FR2467;0;;"SZZ"
2025-11-20;21:10;WARSZAWA;;LO3936;0;;"SZZ"
2025-11-20;22:35;DUBLIN;;FR3096;0;;"SZZ"
2025-11-21;08:55;WARSZAWA;;LO3932;0;;"SZZ"
2025-11-21;10:55;OSLO GARDERMOEN;;W6 2151;0;;"SZZ"
2025-11-21;14:55;WARSZAWA;;LO3934;0;;"SZZ"
2025-11-21;16:15;LIVERPOOL;;FR9677;0;;"SZZ"
2025-11-21;21:10;WARSZAWA;;LO3936;0;;"SZZ"
2025-11-21;23:11;DUBLIN;;FR3096;0;;"SZZ"
2025-11-22;08:55;WARSZAWA;;LO3932;0;;"SZZ"
2025-11-22;10:55;OSLO GARDERMOEN;;W6 2151;0;;"SZZ"
2025-11-22;14:50;DUBLIN;;FR3096;0;;"SZZ"
2025-11-22;14:55;WARSZAWA;;LO3934;0;;"SZZ"
2025-11-22;15:45;LONDYN STANSTED;;FR2467;0;;"SZZ"
2025-11-22;16:15;LIVERPOOL;;FR9677;0;;"SZZ"
2025-11-22;21:10;WARSZAWA;;LO3936;0;;"SZZ"
2025-11-23;10:55;OSLO GARDERMOEN;;W6 2151;0;;"SZZ"
2025-11-23;11:55;DUBLIN;;FR3096;0;;"SZZ"
2025-11-23;14:55;WARSZAWA;;LO3934;0;;"SZZ"
2025-11-23;15:45;LONDYN STANSTED;;FR2467;0;;"SZZ"
2025-11-23;21:10;WARSZAWA;;LO3936;0;;"SZZ"
2025-11-23;21:35;LIVERPOOL;;FR9677;0;;"SZZ"
2025-11-24;08:55;WARSZAWA;;LO3932;0;;"SZZ"
2025-11-24;10:15;LONDYN STANSTED;;FR2467;0;;"SZZ"
2025-11-24;10:55;OSLO GARDERMOEN;;W6 2151;0;;"SZZ"
2025-11-24;14:55;WARSZAWA;;LO3934;0;;"SZZ"
2025-11-24;21:10;WARSZAWA;;LO3936;0;;"SZZ"
2025-11-24;21:35;LIVERPOOL;;FR9677;0;;"SZZ"
2025-11-25;08:55;WARSZAWA;;LO3932;0;;"SZZ"
2025-11-25;15:15;WARSZAWA;;LO3934;0;;"SZZ"
2025-11-25;21:10;WARSZAWA;;LO3936;0;;"SZZ"
2025-11-26;08:55;WARSZAWA;;LO3932;0;;"SZZ"
2025-11-26;14:55;WARSZAWA;;LO3934;0;;"SZZ"
2025-11-26;21:10;WARSZAWA;;LO3936;0;;"SZZ"
2025-11-27;08:55;WARSZAWA;;LO3932;0;;"SZZ"
2025-11-27;10:55;OSLO GARDERMOEN;;W6 2151;0;;"SZZ"
2025-11-27;15:15;WARSZAWA;;LO3934;0;;"SZZ"
2025-11-27;17:50;LONDYN STANSTED;;FR2467;0;;"SZZ"
2025-11-27;21:10;WARSZAWA;;LO3936;0;;"SZZ"
2025-11-27;22:35;DUBLIN;;FR3096;0;;"SZZ"
2025-11-28;08:55;WARSZAWA;;LO3932;0;;"SZZ"
2025-11-28;10:55;OSLO GARDERMOEN;;W6 2151;0;;"SZZ"
2025-11-28;14:50;DUBLIN;;FR3096;0;;"SZZ"
2025-11-28;15:15;WARSZAWA;;LO3934;0;;"SZZ"
2025-11-28;16:15;LIVERPOOL;;FR9677;0;;"SZZ"
2025-11-28;17:50;LONDYN STANSTED;;FR2467;0;;"SZZ"
2025-11-28;21:10;WARSZAWA;;LO3936;0;;"SZZ"
2025-11-29;08:55;WARSZAWA;;LO3932;0;;"SZZ"
2025-11-29;14:50;DUBLIN;;FR3096;0;;"SZZ"
2025-11-29;15:15;WARSZAWA;;LO3934;0;;"SZZ"
2025-11-29;16:15;LIVERPOOL;;FR9677;0;;"SZZ"
2025-11-30;01:35;KATOWICE;;RR945;0;;"SZZ"
2025-11-30;08:55;WARSZAWA;;LO3932;0;;"SZZ"
2025-11-30;10:55;OSLO GARDERMOEN;;W6 2151;0;;"SZZ"
2025-11-30;11:55;DUBLIN;;FR3096;0;;"SZZ"
2025-11-30;14:55;WARSZAWA;;LO3934;0;;"SZZ"
2025-11-30;15:45;LONDYN STANSTED;;FR2467;0;;"SZZ"
2025-11-30;21:10;WARSZAWA;;LO3936;0;;"SZZ"
2025-12-01;08:55;WARSZAWA;;LO3932;0;;"SZZ"
2025-12-01;10:15;LONDYN STANSTED;;FR2467;0;;"SZZ"
2025-12-01;10:55;OSLO GARDERMOEN;;W6 2151;0;;"SZZ"
2025-12-01;14:55;WARSZAWA;;LO3934;0;;"SZZ"
2025-12-01;21:10;WARSZAWA;;LO3936;0;;"SZZ"
2025-12-02;08:55;WARSZAWA;;LO3932;0;;"SZZ"
2025-12-02;15:15;WARSZAWA;;LO3934;0;;"SZZ"
2025-12-02;17:05;LONDYN STANSTED;;FR2467;0;;"SZZ"
2025-12-02;21:10;WARSZAWA;;LO3936;0;;"SZZ"
2025-12-03;08:55;WARSZAWA;;LO3932;0;;"SZZ"
2025-12-03;14:55;WARSZAWA;;LO3934;0;;"SZZ"
2025-12-03;17:05;LONDYN STANSTED;;FR2467;0;;"SZZ"
2025-12-03;21:10;WARSZAWA;;LO3936;0;;"SZZ"
2025-12-03;22:35;DUBLIN;;FR3096;0;;"SZZ"
2025-12-04;08:55;WARSZAWA;;LO3932;0;;"SZZ"
2025-12-04;15:15;WARSZAWA;;LO3934;0;;"SZZ"
2025-12-04;17:50;LONDYN STANSTED;;FR2467;0;;"SZZ"
2025-12-04;21:10;WARSZAWA;;LO3936;0;;"SZZ"
2025-12-04;22:35;DUBLIN;;FR3096;0;;"SZZ"
2025-12-05;08:55;WARSZAWA;;LO3932;0;;"SZZ"
2025-12-05;10:55;OSLO GARDERMOEN;;W6 2151;0;;"SZZ"
2025-12-05;14:55;WARSZAWA;;LO3934;0;;"SZZ"
2025-12-05;17:45;LONDYN STANSTED;;FR2550;0;;"SZZ"
2025-12-05;23:25;DUBLIN;;FR3096;0;;"SZZ"
2025-12-05;23:46;LIVERPOOL;;FR9677;0;;"SZZ"
2025-12-06;08:55;WARSZAWA;;LO3932;0;;"SZZ"
2025-12-06;10:55;OSLO GARDERMOEN;;W6 2151;0;;"SZZ"
2025-12-06;14:50;DUBLIN;;FR3096;0;;"SZZ"
2025-12-06;14:55;WARSZAWA;;LO3934;0;;"SZZ"
2025-12-06;17:45;LONDYN STANSTED;;FR2550;0;;"SZZ"
2025-12-06;21:10;WARSZAWA;;LO3936;0;;"SZZ"
2025-12-06;22:40;LONDYN STANSTED;;FR2467;0;;"SZZ"
2025-12-06;23:46;LIVERPOOL;;FR9677;0;;"SZZ"
2025-12-07;08:55;WARSZAWA;;LO3932;0;;"SZZ"
2025-12-07;10:55;OSLO GARDERMOEN;;W6 2151;0;;"SZZ"
2025-12-07;14:50;DUBLIN;;FR3096;0;;"SZZ"
2025-12-07;15:15;WARSZAWA;;LO3934;0;;"SZZ"
2025-12-07;21:10;WARSZAWA;;LO3936;0;;"SZZ"
2025-12-07;22:40;LONDYN STANSTED;;FR2467;0;;"SZZ"
2025-12-08;08:55;WARSZAWA;;LO3932;0;;"SZZ"
2025-12-08;10:15;LONDYN STANSTED;;FR2467;0;;"SZZ"
2025-12-08;10:55;OSLO GARDERMOEN;;W6 2151;0;;"SZZ"
2025-12-08;14:55;WARSZAWA;;LO3934;0;;"SZZ"
2025-12-08;21:10;WARSZAWA;;LO3936;0;;"SZZ"
2025-12-09;08:55;WARSZAWA;;LO3932;0;;"SZZ"
2025-12-09;15:15;WARSZAWA;;LO3934;0;;"SZZ"
2025-12-09;17:05;LONDYN STANSTED;;FR2467;0;;"SZZ"
2025-12-09;21:10;WARSZAWA;;LO3936;0;;"SZZ"
2025-12-10;08:55;WARSZAWA;;LO3932;0;;"SZZ"
2025-12-10;14:55;WARSZAWA;;LO3934;0;;"SZZ"
2025-12-10;17:05;LONDYN STANSTED;;FR2467;0;;"SZZ"
2025-12-10;21:10;WARSZAWA;;LO3936;0;;"SZZ"
2025-12-10;22:35;DUBLIN;;FR3096;0;;"SZZ"
2025-12-11;08:55;WARSZAWA;;LO3932;0;;"SZZ"
2025-12-11;10:55;OSLO GARDERMOEN;;W6 2151;0;;"SZZ"
2025-12-11;15:15;WARSZAWA;;LO3934;0;;"SZZ"
2025-12-11;17:45;LONDYN STANSTED;;FR2550;0;;"SZZ"
2025-12-11;17:50;LONDYN STANSTED;;FR2467;0;;"SZZ"
2025-12-11;21:10;WARSZAWA;;LO3936;0;;"SZZ"
2025-12-11;22:35;DUBLIN;;FR3096;0;;"SZZ"
2025-12-12;08:55;WARSZAWA;;LO3932;0;;"SZZ"
2025-12-12;10:55;OSLO GARDERMOEN;;W6 2151;0;;"SZZ"
2025-12-12;14:55;WARSZAWA;;LO3934;0;;"SZZ"
2025-12-12;17:45;LONDYN STANSTED;;FR2550;0;;"SZZ"
2025-12-12;21:10;WARSZAWA;;LO3936;0;;"SZZ"
2025-12-12;23:09;LIVERPOOL;;FR9677;0;;"SZZ"
2025-12-13;08:55;WARSZAWA;;LO3932;0;;"SZZ"
2025-12-13;14:50;DUBLIN;;FR3096;0;;"SZZ"
2025-12-13;15:15;WARSZAWA;;LO3934;0;;"SZZ"
2025-12-13;22:40;LONDYN STANSTED;;FR2467;0;;"SZZ"
2025-12-13;23:09;LIVERPOOL;;FR9677;0;;"SZZ"
2025-12-14;08:55;WARSZAWA;;LO3932;0;;"SZZ"
2025-12-14;10:55;OSLO GARDERMOEN;;W6 2151;0;;"SZZ"
2025-12-14;14:50;DUBLIN;;FR3096;0;;"SZZ"
2025-12-14;15:15;WARSZAWA;;LO3934;0;;"SZZ"
2025-12-14;21:10;WARSZAWA;;LO3936;0;;"SZZ"
2025-12-14;22:40;LONDYN STANSTED;;FR2467;0;;"SZZ"
2025-12-15;08:55;WARSZAWA;;LO3932;0;;"SZZ"
2025-12-15;10:55;OSLO GARDERMOEN;;W6 2151;0;;"SZZ"
2025-12-15;11:55;DUBLIN;;FR3096;0;;"SZZ"
2025-12-15;14:55;WARSZAWA;;LO3934;0;;"SZZ"
2025-12-15;15:45;LONDYN STANSTED;;FR2467;0;;"SZZ"
2025-12-15;21:10;WARSZAWA;;LO3936;0;;"SZZ"
2025-12-16;08:55;WARSZAWA;;LO3932;0;;"SZZ"
2025-12-16;15:15;WARSZAWA;;LO3934;0;;"SZZ"
2025-12-16;17:05;LONDYN STANSTED;;FR2467;0;;"SZZ"
2025-12-16;21:10;WARSZAWA;;LO3936;0;;"SZZ"
2025-12-17;08:55;WARSZAWA;;LO3932;0;;"SZZ"
2025-12-17;13:35;LONDYN STANSTED;;FR2550;0;;"SZZ"
2025-12-17;14:55;WARSZAWA;;LO3934;0;;"SZZ"
2025-12-17;17:05;LONDYN STANSTED;;FR2467;0;;"SZZ"
2025-12-17;21:10;WARSZAWA;;LO3936;0;;"SZZ"
2025-12-18;08:55;WARSZAWA;;LO3932;0;;"SZZ"
2025-12-18;10:55;OSLO GARDERMOEN;;W6 2151;0;;"SZZ"
2025-12-18;13:35;LONDYN STANSTED;;FR2550;0;;"SZZ"
2025-12-18;15:15;WARSZAWA;;LO3934;0;;"SZZ"
2025-12-18;17:50;LONDYN STANSTED;;FR2467;0;;"SZZ"
2025-12-18;21:10;WARSZAWA;;LO3936;0;;"SZZ"
2025-12-19;08:55;WARSZAWA;;LO3932;0;;"SZZ"
2025-12-19;10:55;OSLO GARDERMOEN;;W6 2151;0;;"SZZ"
2025-12-19;14:55;WARSZAWA;;LO3934;0;;"SZZ"
2025-12-19;17:45;LONDYN STANSTED;;FR2550;0;;"SZZ"
2025-12-19;21:10;WARSZAWA;;LO3936;0;;"SZZ"
2025-12-19;23:12;LIVERPOOL;;FR9677;0;;"SZZ"
2025-12-20;08:55;WARSZAWA;;LO3932;0;;"SZZ"
2025-12-20;14:50;DUBLIN;;FR3096;0;;"SZZ"
2025-12-20;15:15;WARSZAWA;;LO3934;0;;"SZZ"
2025-12-20;16:15;LIVERPOOL;;FR9677;0;;"SZZ"
2025-12-20;23:44;LONDYN STANSTED;;FR2467;0;;"SZZ"
2025-12-21;08:55;WARSZAWA;;LO3932;0;;"SZZ"
2025-12-21;09:15;LONDYN STANSTED;;FR2550;0;;"SZZ"
2025-12-21;10:55;OSLO GARDERMOEN;;W6 2151;0;;"SZZ"
2025-12-21;14:45;SHARM EL-SHEIKH;;U5 7245;0;;"SZZ"
2025-12-21;14:50;DUBLIN;;FR3096;0;;"SZZ"
2025-12-21;15:15;WARSZAWA;;LO3934;0;;"SZZ"
2025-12-21;15:45;LONDYN STANSTED;;FR2467;0;;"SZZ"
2025-12-21;16:15;LIVERPOOL;;FR9677;0;;"SZZ"
2025-12-21;18:22;SHARM EL SHEIKH;;---;0;;"SZZ"
2025-12-21;21:10;WARSZAWA;;LO3936;0;;"SZZ"
2025-12-22;08:55;WARSZAWA;;LO3932;0;;"SZZ"
2025-12-22;09:15;LONDYN STANSTED;;FR2550;0;;"SZZ"
2025-12-22;10:55;OSLO GARDERMOEN;;W6 2151;0;;"SZZ"
2025-12-22;11:55;DUBLIN;;FR3096;0;;"SZZ"
2025-12-22;14:45;SHARM EL-SHEIKH;;U5 7245;0;;"SZZ"
2025-12-22;14:55;WARSZAWA;;LO3934;0;;"SZZ"
2025-12-22;15:45;LONDYN STANSTED;;FR2467;0;;"SZZ"
2025-12-22;21:05;LIVERPOOL;;FR9677;0;;"SZZ"
2025-12-23;08:55;WARSZAWA;;LO3932;0;;"SZZ"
2025-12-23;10:45;DUBLIN;;FR3096;0;;"SZZ"
2025-12-23;15:15;WARSZAWA;;LO3934;0;;"SZZ"
2025-12-23;17:10;LONDYN STANSTED;;FR2467;0;;"SZZ"
2025-12-23;21:05;LIVERPOOL;;FR9677;0;;"SZZ"
2025-12-23;21:16;WARSZAWA;;LO3936;0;;"SZZ"
2025-12-24;08:55;WARSZAWA;;LO3932;0;;"SZZ"
2025-12-24;14:55;WARSZAWA;;LO3934;0;;"SZZ"
2025-12-24;16:15;LIVERPOOL;;FR9677;0;;"SZZ"
2025-12-24;17:05;LONDYN STANSTED;;FR2467;0;;"SZZ"
2025-12-24;21:10;WARSZAWA;;LO3936;0;;"SZZ"
2025-12-25;08:55;WARSZAWA;;LO3932;0;;"SZZ"
2025-12-25;10:55;OSLO GARDERMOEN;;W6 2151;0;;"SZZ"
2025-12-25;15:15;WARSZAWA;;LO3934;0;;"SZZ"
2025-12-25;17:45;LONDYN STANSTED;;FR2550;0;;"SZZ"
2025-12-25;21:10;WARSZAWA;;LO3936;0;;"SZZ"
2025-12-26;08:55;WARSZAWA;;LO3932;0;;"SZZ"
2025-12-26;10:55;OSLO GARDERMOEN;;W6 2151;0;;"SZZ"
2025-12-26;11:30;LIVERPOOL;;FR9677;0;;"SZZ"
2025-12-26;14:55;WARSZAWA;;LO3934;0;;"SZZ"
2025-12-26;17:45;LONDYN STANSTED;;FR2550;0;;"SZZ"
2025-12-26;21:10;WARSZAWA;;LO3936;0;;"SZZ"
2025-12-27;08:55;WARSZAWA;;LO3932;0;;"SZZ"
2025-12-27;14:50;DUBLIN;;FR3096;0;;"SZZ"
2025-12-27;15:15;WARSZAWA;;LO3934;0;;"SZZ"
2025-12-27;16:15;LIVERPOOL;;FR9677;0;;"SZZ"
2025-12-27;23:48;LONDYN STANSTED;;FR2467;0;;"SZZ"
2025-12-28;08:55;WARSZAWA;;LO3932;0;;"SZZ"
2025-12-28;09:15;LONDYN STANSTED;;FR2550;0;;"SZZ"
2025-12-28;10:55;OSLO GARDERMOEN;;W6 2151;0;;"SZZ"
2025-12-28;14:45;SHARM EL-SHEIKH;;U5 7245;0;;"SZZ"
2025-12-28;14:50;DUBLIN;;FR3096;0;;"SZZ"
2025-12-28;15:15;WARSZAWA;;LO3934;0;;"SZZ"
2025-12-28;15:45;LONDYN STANSTED;;FR2467;0;;"SZZ"
2025-12-28;16:15;LIVERPOOL;;FR9677;0;;"SZZ"
2025-12-28;21:10;WARSZAWA;;LO3936;0;;"SZZ"
2025-12-29;08:55;WARSZAWA;;LO3932;0;;"SZZ"
2025-12-29;09:15;LONDYN STANSTED;;FR2550;0;;"SZZ"
2025-12-29;10:55;OSLO GARDERMOEN;;W6 2151;0;;"SZZ"
2025-12-29;11:55;DUBLIN;;FR3096;0;;"SZZ"
2025-12-29;14:45;SHARM EL-SHEIKH;;U5 7245;0;;"SZZ"
2025-12-29;14:55;WARSZAWA;;LO3934;0;;"SZZ"
2025-12-29;15:45;LONDYN STANSTED;;FR2467;0;;"SZZ"
2025-12-29;21:05;LIVERPOOL;;FR9677;0;;"SZZ"
2025-12-30;08:55;WARSZAWA;;LO3932;0;;"SZZ"
2025-12-30;10:45;DUBLIN;;FR3096;0;;"SZZ"
2025-12-30;15:15;WARSZAWA;;LO3934;0;;"SZZ"
2025-12-30;17:10;LONDYN STANSTED;;FR2467;0;;"SZZ"
2025-12-30;21:05;LIVERPOOL;;FR9677;0;;"SZZ"
2025-12-30;21:10;WARSZAWA;;LO3936;0;;"SZZ"
2025-12-31;08:55;WARSZAWA;;LO3932;0;;"SZZ"
2025-12-31;13:35;LONDYN STANSTED;;FR2550;0;;"SZZ"
2025-12-31;14:55;WARSZAWA;;LO3934;0;;"SZZ"
2025-12-31;16:15;LIVERPOOL;;FR9677;0;;"SZZ"
2025-12-31;17:05;LONDYN STANSTED;;FR2467;0;;"SZZ"
2025-12-31;21:10;WARSZAWA;;LO3936;0;;"SZZ"
2025-12-31;22:35;DUBLIN;;FR3096;0;;"SZZ"
2026-01-01;13:35;LONDYN STANSTED;;FR2550;0;;"SZZ"
2026-01-01;15:15;WARSZAWA;;LO3934;0;;"SZZ"
2026-01-01;17:50;LONDYN STANSTED;;FR2467;0;;"SZZ"
2026-01-01;21:10;WARSZAWA;;LO3936;0;;"SZZ"
2026-01-01;22:35;DUBLIN;;FR3096;0;;"SZZ"
2026-01-02;08:55;WARSZAWA;;LO3932;0;;"SZZ"
2026-01-02;10:55;OSLO GARDERMOEN;;W6 2151;0;;"SZZ"
2026-01-02;14:55;WARSZAWA;;LO3934;0;;"SZZ"
2026-01-02;17:45;LONDYN STANSTED;;FR2550;0;;"SZZ"
2026-01-02;21:10;WARSZAWA;;LO3936;0;;"SZZ"
2026-01-02;23:06;DUBLIN;;FR3096;0;;"SZZ"
2026-01-02;23:14;LIVERPOOL;;FR9677;0;;"SZZ"
2026-01-03;08:55;WARSZAWA;;LO3932;0;;"SZZ"
2026-01-03;10:55;OSLO GARDERMOEN;;W6 2151;0;;"SZZ"
2026-01-03;14:50;DUBLIN;;FR3096;0;;"SZZ"
2026-01-03;14:55;WARSZAWA;;LO3934;0;;"SZZ"
2026-01-03;16:15;LIVERPOOL;;FR9677;0;;"SZZ"
2026-01-03;17:45;LONDYN STANSTED;;FR2550;0;;"SZZ"
2026-01-03;23:10;LONDYN STANSTED;;FR2467;0;;"SZZ"
2026-01-04;08:55;WARSZAWA;;LO3932;0;;"SZZ"
2026-01-04;09:15;LONDYN STANSTED;;FR2550;0;;"SZZ"
2026-01-04;10:55;OSLO GARDERMOEN;;W6 2151;0;;"SZZ"
2026-01-04;14:45;SHARM EL-SHEIKH;;U5 7245;0;;"SZZ"
2026-01-04;14:50;DUBLIN;;FR3096;0;;"SZZ"
2026-01-04;15:15;WARSZAWA;;LO3934;0;;"SZZ"
2026-01-04;15:45;LONDYN STANSTED;;FR2467;0;;"SZZ"
2026-01-04;16:15;LIVERPOOL;;FR9677;0;;"SZZ"
2026-01-04;21:10;WARSZAWA;;LO3936;0;;"SZZ"
2026-01-05;09:15;LONDYN STANSTED;;FR2550;0;;"SZZ"
2026-01-05;10:55;OSLO GARDERMOEN;;W6 2151;0;;"SZZ"
2026-01-05;11:55;DUBLIN;;FR3096;0;;"SZZ"
2026-01-05;14:45;SHARM EL-SHEIKH;;U5 7245;0;;"SZZ"
2026-01-05;14:55;WARSZAWA;;LO3934;0;;"SZZ"
2026-01-05;15:45;LONDYN STANSTED;;FR2467;0;;"SZZ"
2026-01-05;21:10;WARSZAWA;;LO3936;0;;"SZZ"
2026-01-05;21:35;LIVERPOOL;;FR9677;0;;"SZZ"
2026-01-06;00:20;LIVERPOOL;;FR9677;0;;"SZZ"
2026-01-06;08:55;WARSZAWA;;LO3932;0;;"SZZ"
2026-01-06;15:15;WARSZAWA;;LO3934;0;;"SZZ"
2026-01-06;21:10;WARSZAWA;;LO3936;0;;"SZZ"
2026-01-07;08:55;WARSZAWA;;LO3932;0;;"SZZ"
2026-01-07;14:55;WARSZAWA;;LO3934;0;;"SZZ"
2026-01-07;17:50;LONDYN STANSTED;;FR2467;0;;"SZZ"
2026-01-07;21:10;WARSZAWA;;LO3936;0;;"SZZ"
2026-01-07;22:35;DUBLIN;;FR3096;0;;"SZZ"
2026-01-08;08:55;WARSZAWA;;LO3932;0;;"SZZ"
2026-01-08;10:55;OSLO GARDERMOEN;;W6 2151;0;;"SZZ"
2026-01-08;15:15;WARSZAWA;;LO3934;0;;"SZZ"
2026-01-08;17:50;LONDYN STANSTED;;FR2467;0;;"SZZ"
2026-01-08;21:10;WARSZAWA;;LO3936;0;;"SZZ"
2026-01-08;22:35;DUBLIN;;FR3096;0;;"SZZ"
2026-01-08;22:55;LIVERPOOL;;FR9677;0;;"SZZ"
2026-01-09;08:55;WARSZAWA;;LO3932;0;;"SZZ"
2026-01-09;10:55;OSLO GARDERMOEN;;W6 2151;0;;"SZZ"
2026-01-09;14:55;WARSZAWA;;LO3934;0;;"SZZ"
2026-01-09;21:10;WARSZAWA;;LO3936;0;;"SZZ"
2026-01-09;22:55;LIVERPOOL;;FR9677;0;;"SZZ"
2026-01-10;08:55;WARSZAWA;;LO3932;0;;"SZZ"
2026-01-10;14:50;DUBLIN;;FR3096;0;;"SZZ"
2026-01-10;15:15;WARSZAWA;;LO3934;0;;"SZZ"
2026-01-10;22:40;LONDYN STANSTED;;FR2467;0;;"SZZ"
2026-01-10;23:15;LIVERPOOL;;FR9677;0;;"SZZ"
2026-01-11;08:55;WARSZAWA;;LO3932;0;;"SZZ"
2026-01-11;14:50;DUBLIN;;FR3096;0;;"SZZ"
2026-01-11;15:15;WARSZAWA;;LO3934;0;;"SZZ"
2026-01-11;21:10;WARSZAWA;;LO3936;0;;"SZZ"
2026-01-11;22:40;LONDYN STANSTED;;FR2467;0;;"SZZ"
2026-01-12;08:55;WARSZAWA;;LO3932;0;;"SZZ"
2026-01-12;10:55;OSLO GARDERMOEN;;W6 2151;0;;"SZZ"
2026-01-12;11:55;DUBLIN;;FR3096;0;;"SZZ"
2026-01-12;14:45;SHARM EL-SHEIKH;;U5 7245;0;;"SZZ"
2026-01-12;14:55;WARSZAWA;;LO3934;0;;"SZZ"
2026-01-12;15:45;LONDYN STANSTED;;FR2467;0;;"SZZ"
2026-01-12;21:10;WARSZAWA;;LO3936;0;;"SZZ"
2026-01-13;08:55;WARSZAWA;;LO3932;0;;"SZZ"
2026-01-13;10:15;LONDYN STANSTED;;FR2467;0;;"SZZ"
2026-01-13;10:55;OSLO GARDERMOEN;;W6 2151;0;;"SZZ"
2026-01-13;14:45;SHARM EL-SHEIKH;;U5 7245;0;;"SZZ"
2026-01-13;15:15;WARSZAWA;;LO3934;0;;"SZZ"
2026-01-13;21:10;WARSZAWA;;LO3936;0;;"SZZ"
2026-01-14;08:55;WARSZAWA;;LO3932;0;;"SZZ"
2026-01-14;14:55;WARSZAWA;;LO3934;0;;"SZZ"
2026-01-14;21:10;WARSZAWA;;LO3936;0;;"SZZ"
2026-01-15;08:55;WARSZAWA;;LO3932;0;;"SZZ"
2026-01-15;10:55;OSLO GARDERMOEN;;W6 2151;0;;"SZZ"
2026-01-15;15:15;WARSZAWA;;LO3934;0;;"SZZ"
2026-01-15;17:50;LONDYN STANSTED;;FR2467;0;;"SZZ"
2026-01-15;21:10;WARSZAWA;;LO3936;0;;"SZZ"
2026-01-15;22:35;DUBLIN;;FR3096;0;;"SZZ"
2026-01-15;22:55;LIVERPOOL;;FR9677;0;;"SZZ"
2026-01-16;08:55;WARSZAWA;;LO3932;0;;"SZZ"
2026-01-16;10:55;OSLO GARDERMOEN;;W6 2151;0;;"SZZ"
2026-01-16;15:15;WARSZAWA;;LO3934;0;;"SZZ"
2026-01-16;17:50;LONDYN STANSTED;;FR2467;0;;"SZZ"
2026-01-16;21:10;WARSZAWA;;LO3936;0;;"SZZ"
2026-01-16;22:55;LIVERPOOL;;FR9677;0;;"SZZ"
2026-01-17;08:55;WARSZAWA;;LO3932;0;;"SZZ"
2026-01-17;14:50;DUBLIN;;FR3096;0;;"SZZ"
2026-01-17;15:15;WARSZAWA;;LO3934;0;;"SZZ"
2026-01-17;17:15;LIVERPOOL;;FR9677;0;;"SZZ"
2026-01-17;22:40;LONDYN STANSTED;;FR2467;0;;"SZZ"
2026-01-18;08:55;WARSZAWA;;LO3932;0;;"SZZ"
2026-01-18;10:55;OSLO GARDERMOEN;;W6 2151;0;;"SZZ"
2026-01-18;11:55;DUBLIN;;FR3096;0;;"SZZ"
2026-01-18;14:45;SHARM EL-SHEIKH;;U5 7245;0;;"SZZ"
2026-01-18;14:55;WARSZAWA;;LO3934;0;;"SZZ"
2026-01-18;15:45;LONDYN STANSTED;;FR2467;0;;"SZZ"
2026-01-18;21:10;WARSZAWA;;LO3936;0;;"SZZ"
2026-01-19;08:55;WARSZAWA;;LO3932;0;;"SZZ"
2026-01-19;10:55;OSLO GARDERMOEN;;W6 2151;0;;"SZZ"
2026-01-19;11:55;DUBLIN;;FR3096;0;;"SZZ"
2026-01-19;14:45;SHARM EL-SHEIKH;;U5 7245;0;;"SZZ"
2026-01-19;14:55;WARSZAWA;;LO3934;0;;"SZZ"
2026-01-19;15:45;LONDYN STANSTED;;FR2467;0;;"SZZ"
2026-01-20;08:55;WARSZAWA;;LO3932;0;;"SZZ"
2026-01-20;15:15;WARSZAWA;;LO3934;0;;"SZZ"
2026-01-20;21:10;WARSZAWA;;LO3936;0;;"SZZ"
2026-01-21;08:55;WARSZAWA;;LO3932;0;;"SZZ"
2026-01-21;14:55;WARSZAWA;;LO3934;0;;"SZZ"
2026-01-21;17:50;LONDYN STANSTED;;FR2467;0;;"SZZ"
2026-01-21;21:10;WARSZAWA;;LO3936;0;;"SZZ"
2026-01-21;22:35;DUBLIN;;FR3096;0;;"SZZ"
2026-01-22;08:55;WARSZAWA;;LO3932;0;;"SZZ"
2026-01-22;10:55;OSLO GARDERMOEN;;W6 2151;0;;"SZZ"
2026-01-22;15:15;WARSZAWA;;LO3934;0;;"SZZ"
2026-01-22;17:50;LONDYN STANSTED;;FR2467;0;;"SZZ"
2026-01-22;21:10;WARSZAWA;;LO3936;0;;"SZZ"
2026-01-22;22:35;DUBLIN;;FR3096;0;;"SZZ"
2026-01-22;22:55;LIVERPOOL;;FR9677;0;;"SZZ"
2026-01-23;08:55;WARSZAWA;;LO3932;0;;"SZZ"
2026-01-23;10:55;OSLO GARDERMOEN;;W6 2151;0;;"SZZ"
2026-01-23;14:55;WARSZAWA;;LO3934;0;;"SZZ"
2026-01-23;21:10;WARSZAWA;;LO3936;0;;"SZZ"
2026-01-23;22:55;LIVERPOOL;;FR9677;0;;"SZZ"
2026-01-24;08:55;WARSZAWA;;LO3932;0;;"SZZ"
2026-01-24;10:55;OSLO GARDERMOEN;;W6 2151;0;;"SZZ"
2026-01-24;14:50;DUBLIN;;FR3096;0;;"SZZ"
2026-01-24;15:15;WARSZAWA;;LO3934;0;;"SZZ"
2026-01-24;21:10;WARSZAWA;;LO3936;0;;"SZZ"
2026-01-24;22:40;LONDYN STANSTED;;FR2467;0;;"SZZ"
2026-01-24;23:11;LIVERPOOL;;FR9677;0;;"SZZ"
2026-01-25;08:55;WARSZAWA;;LO3932;0;;"SZZ"
2026-01-25;10:55;OSLO GARDERMOEN;;W6 2151;0;;"SZZ"
2026-01-25;14:45;SHARM EL-SHEIKH;;U5 7245;0;;"SZZ"
2026-01-25;14:50;DUBLIN;;FR3096;0;;"SZZ"
2026-01-25;15:15;WARSZAWA;;LO3934;0;;"SZZ"
2026-01-25;21:10;WARSZAWA;;LO3936;0;;"SZZ"
2026-01-25;22:40;LONDYN STANSTED;;FR2467;0;;"SZZ"
2026-01-26;08:55;WARSZAWA;;LO3932;0;;"SZZ"
2026-01-26;10:15;LONDYN STANSTED;;FR2467;0;;"SZZ"
2026-01-26;10:55;OSLO GARDERMOEN;;W6 2151;0;;"SZZ"
2026-01-26;14:45;SHARM EL-SHEIKH;;U5 7245;0;;"SZZ"
2026-01-26;14:55;WARSZAWA;;LO3934;0;;"SZZ"
2026-01-26;21:10;WARSZAWA;;LO3936;0;;"SZZ"
2026-01-27;08:55;WARSZAWA;;LO3932;0;;"SZZ"
2026-01-27;15:15;WARSZAWA;;LO3934;0;;"SZZ"
2026-01-27;21:10;WARSZAWA;;LO3936;0;;"SZZ"
2026-01-28;08:55;WARSZAWA;;LO3932;0;;"SZZ"
2026-01-28;14:55;WARSZAWA;;LO3934;0;;"SZZ"
2026-01-28;17:50;LONDYN STANSTED;;FR2467;0;;"SZZ"
2026-01-28;21:10;WARSZAWA;;LO3936;0;;"SZZ"
2026-01-28;22:35;DUBLIN;;FR3096;0;;"SZZ"
2026-01-29;08:55;WARSZAWA;;LO3932;0;;"SZZ"
2026-01-29;15:15;WARSZAWA;;LO3934;0;;"SZZ"
2026-01-29;17:50;LONDYN STANSTED;;FR2467;0;;"SZZ"
2026-01-29;21:10;WARSZAWA;;LO3936;0;;"SZZ"
2026-01-29;22:35;DUBLIN;;FR3096;0;;"SZZ"
2026-01-30;08:55;WARSZAWA;;LO3932;0;;"SZZ"
2026-01-30;10:55;OSLO GARDERMOEN;;W6 2151;0;;"SZZ"
2026-01-30;14:55;WARSZAWA;;LO3934;0;;"SZZ"
2026-01-30;21:47;LONDYN STANSTED;;FR2467;0;;"SZZ"
2026-01-30;23:13;LIVERPOOL;;FR9677;0;;"SZZ"
2026-01-30;23:39;DUBLIN;;FR3096;0;;"SZZ"
2026-01-31;08:55;WARSZAWA;;LO3932;0;;"SZZ"
2026-01-31;10:55;OSLO GARDERMOEN;;W6 2151;0;;"SZZ"
2026-01-31;14:50;DUBLIN;;FR3096;0;;"SZZ"
2026-01-31;14:55;WARSZAWA;;LO3934;0;;"SZZ"
2026-01-31;21:10;WARSZAWA;;LO3936;0;;"SZZ"
2026-01-31;22:40;LONDYN STANSTED;;FR2467;0;;"SZZ"
2026-01-31;23:13;LIVERPOOL;;FR9677;0;;"SZZ"
2026-02-01;08:55;WARSZAWA;;LO3932;0;;"SZZ"
2026-02-01;10:55;OSLO GARDERMOEN;;W6 2151;0;;"SZZ"
2026-02-01;14:10;SHARM EL-SHEIKH;;U5 7245;0;;"SZZ"
2026-02-01;14:50;DUBLIN;;FR3096;0;;"SZZ"
2026-02-01;15:15;WARSZAWA;;LO3934;0;;"SZZ"
2026-02-01;21:10;WARSZAWA;;LO3936;0;;"SZZ"
2026-02-01;22:40;LONDYN STANSTED;;FR2467;0;;"SZZ"
2026-02-02;08:55;WARSZAWA;;LO3932;0;;"SZZ"
2026-02-02;10:15;LONDYN STANSTED;;FR2467;0;;"SZZ"
2026-02-02;10:55;OSLO GARDERMOEN;;W6 2151;0;;"SZZ"
2026-02-02;14:10;SHARM EL-SHEIKH;;U5 7245;0;;"SZZ"
2026-02-02;14:55;WARSZAWA;;LO3934;0;;"SZZ"
2026-02-02;22:34;LIVERPOOL;;FR9677;0;;"SZZ"
2026-02-03;08:55;WARSZAWA;;LO3932;0;;"SZZ"
2026-02-03;15:15;WARSZAWA;;LO3934;0;;"SZZ"
2026-02-03;17:05;LONDYN STANSTED;;FR2467;0;;"SZZ"
2026-02-03;21:10;WARSZAWA;;LO3936;0;;"SZZ"
2026-02-03;22:34;LIVERPOOL;;FR9677;0;;"SZZ"
2026-02-04;08:55;WARSZAWA;;LO3932;0;;"SZZ"
2026-02-04;15:15;WARSZAWA;;LO3934;0;;"SZZ"
2026-02-04;17:05;LONDYN STANSTED;;FR2467;0;;"SZZ"
2026-02-04;21:10;WARSZAWA;;LO3936;0;;"SZZ"
2026-02-04;22:35;DUBLIN;;FR3096;0;;"SZZ"
2026-02-05;08:55;WARSZAWA;;LO3932;0;;"SZZ"
2026-02-05;15:15;WARSZAWA;;LO3934;0;;"SZZ"
2026-02-05;17:50;LONDYN STANSTED;;FR2467;0;;"SZZ"
2026-02-05;21:10;WARSZAWA;;LO3936;0;;"SZZ"
2026-02-05;22:35;DUBLIN;;FR3096;0;;"SZZ"